customer_id,product_id,product_name,last_restock_date,product_quantity,unit_price,supplier
87-2919006,46-2732354,Onions - Spanish,31.01.2023,5905,4220.3,Fleurette Fernier
56-9876147,07-4959214,Scotch - Queen Anne,18.12.2022,2021,3464.97,Clio Le Grove
73-2941955,69-8808573,Wine - Pinot Noir Latour,28.06.2023,7634,1955.62,Elmer Bea
83-9114467,,Arizona - Green Tea,11.09.2023,8355,268.38,Anstice Wycliffe
42-9271721,33-1257533,"Gingerale - Schweppes, 355 Ml",24.08.2023,6522,1663.12,Trudy Landy
75-4953322,56-9365892,Hinge W Undercut,14.04.2023,2700,3761.92,Rafaelita Fippe
74-5488660,20-4396570,Pickle - Dill,13.05.2023,,1499.17,Aleda Nelligan
27-6531689,48-8088580,Beans - Butter Lrg Lima,02.05.2023,,3317.61,Lucien Beacon
04-0366460,06-5948226,Thyme - Fresh,19.10.2023,,,Lynn MacPhaden
58-7694747,99-2939935,Wine - Stoneliegh Sauvignon,,5799,1314.56,Alexander Steinson
83-5565966,41-4272436,"Soup - Knorr, Country Bean",11.06.2023,4881,2164.73,Shirlee Kirgan
81-2423872,79-4564236,Cabbage - Green,05.12.2022,8879,4215.8,Archibaldo Glassopp
37-2723236,81-3582531,Wine - Cava Aria Estate Brut,,,336.9,Dani Allain
31-7669435,93-0679435,Tomato Paste,,1608,,Madelene Ferns
97-8722080,17-5999723,Coffee Cup 8oz 5338cd,10.03.2023,8786,1813.73,Vidovic O'Kynsillaghe
22-0819003,80-1464757,Cabbage Roll,,6443,211.29,Drusi Worman
09-1327795,34-4720533,Fondant - Icing,18.10.2023,3855,3418.58,Forrest Emm
30-7033319,14-9553949,"Beef - Tenderlion, Center Cut",11.02.2023,8026,3978.66,Dallis Bachelor
18-5267292,63-4506244,Mushrooms - Honey,28.03.2023,9967,185.28,Darren Marrion
84-2749944,41-8539672,"Potatoes - Purple, Organic",26.01.2023,186,4272.06,Darlleen Forster
52-9361646,90-8515957,"Rum - Coconut, Malibu",12.11.2023,7714,2804.94,Izabel Bakewell
47-3111844,14-8113708,Pails With Lids,03.02.2023,1786,3123.26,Dodie Clere
10-0570304,19-9981611,"Brownies - Two Bite, Chocolate",18.07.2023,3553,1385.73,Lyon Wind
54-9449404,54-4818056,Garbage Bags - Clear,28.12.2022,,2010.33,Nadean Piddlehinton
54-4180693,67-8605069,Muffin - Zero Transfat,29.06.2023,4951,3609.21,Jecho Marousek
61-6271929,10-2615476,Dried Cranberries,01.02.2023,6916,3464.87,Harold Mangeot
85-9154463,95-2813871,Bread - Rye,14.04.2023,8513,2011.94,Inessa Chateau
37-9310844,24-9091856,"Salmon - Smoked, Sliced",22.07.2023,3357,4476.35,Bob Janks
69-1536365,,Cumin - Ground,23.06.2023,4865,1451.82,Kinnie Ashworth
36-7264422,80-3972075,Tomatoes - Roma,28.03.2023,4121,1676.4,Franchot Pinkerton
58-3166132,54-9539738,Pastry - Chocolate Marble Tea,03.11.2023,5915,3774.89,Michelle Early
86-6007591,10-9822345,"Juice - Pineapple, 341 Ml",20.06.2023,591,3426.1,Vernor Kytter
51-2817674,07-7882623,Cream - 18%,17.12.2022,9483,2969.41,Ilysa Nequest
70-7411062,37-5391482,Oil - Olive,28.09.2023,5062,2112.04,Bertram Fawke
05-2671658,66-1588380,Flower - Dish Garden,05.03.2023,245,688.23,Mil Ceeley
41-8231958,18-0899742,Venison - Racks Frenched,12.02.2023,8683,385.22,Damon Tookey
85-3082531,24-1570462,"Wine - White, French Cross",21.10.2023,4647,3788.17,Rosemary Macak
97-0217405,,Red Pepper Paste,,8945,174.07,Renata Groucock
85-8790015,30-5824112,Pepper - Scotch Bonnet,27.08.2023,,2886.04,Misha McLice
34-2108158,90-9162009,Lotus Root,13.12.2022,2403,4320.68,Lind Elnough
84-6665855,61-7086227,Buffalo - Short Rib Fresh,25.10.2023,7422,2207.64,Cori Fuller
07-6627594,62-2500038,Tandoori Curry Paste,27.10.2023,6532,,Bear Wreight
20-6964744,15-4920204,Lamb Rack Frenched Australian,13.04.2023,223,3703.15,Christa Heims
22-9024599,28-6635779,Bay Leaf,19.12.2022,6511,,Sheff Hurll
88-0494763,08-2371798,Sausage - Andouille,23.01.2023,,1154.34,Annadiana Cornilleau
48-1823712,22-1084745,"Pork - Back, Long Cut, Boneless",15.09.2023,3481,3422.15,Banky Newiss
11-5457304,45-9898962,"Beef - Ground, Extra Lean, Fresh",18.05.2023,7394,4262.13,Dominic Skett
49-7704560,03-7502449,Bok Choy - Baby,12.07.2023,8904,2986.64,Brooks Carbery
29-2538583,87-4417301,"Juice - Orange, Concentrate",27.06.2023,9786,,Bondy Northen
40-9700420,16-7662538,Raisin - Dark,11.07.2023,3455,432.13,Hermy Acland
61-6178082,86-6678192,"Bread - Rolls, Rye",25.11.2022,2151,429.2,Johnnie Cianni
50-1068248,,Beef - Diced,04.06.2023,7445,2986.7,Perri Gulk
00-8752952,47-7645336,Pear - Prickly,,6541,273.88,Geri Oattes
39-2678831,03-6192510,"Soup - Knorr, Veg / Beef",18.09.2023,5466,1527.44,Kameko Forshaw
87-2585602,,Cake Slab,20.06.2023,6682,3959.19,Trudy Crispe
10-2144930,94-6894206,Cactus Pads,22.10.2023,9532,147.54,Rafaelia Rubinovici
30-2475210,,Langers - Ruby Red Grapfruit,04.09.2023,9675,82.12,Pippa Dungay
83-3126875,58-8848934,Strawberries,27.05.2023,1538,1355.3,Hugh Balazs
16-3514444,52-9679428,Appetizer - Mushroom Tart,24.10.2023,6354,2235.01,Hieronymus Tremoille
27-0719017,38-4449128,"Trout - Rainbow, Fresh",,770,2430.15,Kelly Lindenbluth
61-5706656,81-3766551,Wine - Wyndham Estate Bin 777,14.03.2023,4855,2127.45,Elfie Gallaccio
19-3918745,60-2114347,Spice - Onion Powder Granulated,01.04.2023,969,1495.64,Ashlee Pardue
49-7207269,59-3857887,Gherkin - Sour,25.09.2023,1024,2319.07,Taber Jeannesson
44-3770400,75-1000427,Wine - Gewurztraminer Pierre,,599,2240.41,Huntley Gadeaux
93-9875868,25-0122970,"Veal - Leg, Provimi - 50 Lb Max",28.09.2023,9535,2100.43,Shalna Gillebride
11-7135072,46-2022320,Island Oasis - Wildberry,12.02.2023,3084,74.21,Beryl Cleiment
29-5200453,20-3169461,Muffin Batt - Blueberry Passion,09.06.2023,7359,4227.17,Babette Broadnicke
78-4725007,44-2931596,Creme De Cacao White,02.04.2023,7895,231.07,Conney Iaduccelli
12-5503157,30-6022603,"Quail - Eggs, Fresh",29.10.2023,,2543.76,Paige Sharville
34-3081952,04-5292641,Salt And Pepper Mix - Black,02.06.2023,5318,1689.4,Roda Licciardo
30-2756168,48-9540310,Chips Potato All Dressed - 43g,09.02.2023,2937,4118.96,Thornton Twinborough
13-4958855,,Chicken - Tenderloin,,5040,4351.91,Bette Bulbeck
57-3429810,81-7855271,Wiberg Super Cure,04.02.2023,6683,3631.16,Coletta Broggio
21-8487113,13-6182648,"Stock - Beef, Brown",,674,,Bab Kempstone
31-7493614,,Cheese - Camembert,15.01.2023,5730,,Guillermo Paolini
26-3549653,73-3740707,"Tart Shells - Savory, 3",,5676,2003.03,Tiffani Crates
31-1035905,,Capers - Ox Eye Daisy,03.11.2023,2283,824.55,Amber Measom
62-9429896,30-6824295,Fond - Chocolate,03.12.2022,8657,1172.06,Loise Kopje
36-1802950,11-8659287,Grapefruit - White,30.11.2022,6308,2035.2,Goldi Heinicke
98-3411103,85-1849180,Sword Pick Asst,,7023,1550.77,Tate Johannesson
35-8811293,91-7433306,"Chilli Paste, Ginger Garlic",04.10.2023,2603,2718.45,Demott Hollindale
92-5601128,38-4430268,Sobe - Liz Blizz,29.05.2023,8455,92.77,Kristi Edds
53-2501718,74-0876658,Cake - French Pear Tart,14.06.2023,2568,3543.12,Raddy Iaduccelli
35-2796876,91-1529812,"Rum - Spiced, Captain Morgan",19.05.2023,1653,2315.86,Baxy Chappel
43-3797456,91-8452380,Petite Baguette,,9320,2215.92,Harrie McCadden
61-9451150,36-9245592,Shrimp - Prawn,22.07.2023,214,2942.33,Karim Najara
74-6330638,66-4336876,Pie Shell - 9,10.01.2023,2864,2665,Rasla Nardi
94-3904641,38-9163735,Cod - Fillets,23.04.2023,5201,2581.74,Adoree Yaakov
03-4292769,08-2002319,Appetizer - Southwestern,17.09.2023,5460,1466.57,Simonette Scollick
40-3324116,73-0542985,Corn Meal,10.07.2023,2544,,Fowler Mousby
91-5164482,91-2009960,Syrup - Chocolate,14.12.2022,5823,1535.74,Giulio Robecon
61-0740973,43-6466317,Wine - Two Oceans Cabernet,06.09.2023,7427,3896.47,Dianemarie Faithfull
11-8316178,35-1836133,Pepper - Pablano,,6207,2380.4,Maridel Clavey
67-1317299,71-0319582,Pasta - Ravioli,12.09.2023,5849,2613.38,Bunni Haithwaite
87-4931154,04-3960497,Sterno - Chafing Dish Fuel,27.11.2022,1984,1225.16,Eugenia Rodda
79-2984970,41-6623714,"Wine - Red, Cabernet Sauvignon",,2079,278.56,Kinna Rouzet
39-0995249,21-2435031,Extract - Lemon,,7322,3079.39,Madelene Channing
82-5303152,15-8291991,Papadam,11.02.2023,2490,1306.96,Nichole Astell
71-0372743,92-9788723,Tuna - Fresh,19.08.2023,5579,823.54,Minetta Latch
58-5393945,87-0576421,Roe - Flying Fish,29.06.2023,1797,2834.4,Korey McNaught
06-6916279,29-6717258,Magnotta - Bel Paese White,07.12.2022,8402,1392.98,Ode Rodmell
29-1377593,68-5651065,Sour Puss Sour Apple,03.03.2023,9386,2215.84,Gilberte Euston
53-6099727,,Bagel - Everything,23.04.2023,2112,2870.59,Deerdre Gravy
56-7818121,,Cake Slab,19.09.2023,,874.95,Corinne Vigers
23-9070226,14-6980170,Pork - Liver,10.11.2023,369,891.19,Moise Sexti
30-6067665,07-6578046,Sage - Fresh,28.08.2023,8822,248.48,Auberta Barrass
15-2928387,87-4508805,Ham Black Forest,22.05.2023,8334,582.66,Jennilee Vickers
09-6272934,20-6327313,"Wine - White, Gewurtzraminer",09.11.2023,2531,4474.54,Justino Shepperd
36-2787829,92-1832780,Table Cloth 91x91 Colour,09.04.2023,8687,1970.53,Joline Hadrill
83-0672419,07-4304705,Nantucket - Carrot Orange,27.11.2022,9077,3874.18,Halie MacFadzean
79-6139455,83-9491892,Soup - Chicken And Wild Rice,22.01.2023,9764,921.72,Clemmie Odell
25-4372164,29-4851279,Beef Cheek Fresh,13.06.2023,9570,1708.56,Oliver Tegeller
11-9946364,30-3560576,"Olives - Green, Pitted",29.08.2023,3874,128.98,Chase Whelpton
36-9478955,,Soup - Campbells Asian Noodle,11.09.2023,2957,,Giacopo Janek
40-7650285,04-8183435,"Rum - Dark, Bacardi, Black",25.02.2023,5825,2723.27,Florence Youell
00-0992467,81-6923732,Sobe - Orange Carrot,29.03.2023,1384,3459.22,Amii Cyson
81-1757841,12-4966590,Bread - Italian Corn Meal Poly,28.09.2023,5254,809.95,Doris Kernocke
83-1790014,46-5223292,"Wine - Red, Mouton Cadet",21.03.2023,3842,4250.01,Peadar Thring
53-5000016,70-8702362,Ginger - Pickled,24.03.2023,4763,3087.11,Ellis MacCrackan
18-7905757,01-2264632,Compound - Strawberry,23.12.2022,4603,1111.79,Jennilee Blood
58-8165221,15-5012122,Cup - Translucent 7 Oz Clear,22.09.2023,,682.89,Shaw Murrum
95-4911723,80-6812822,Jagermeister,,941,333.09,Erin Wickliffe
05-8699108,06-5762092,Lemon Balm - Fresh,05.07.2023,9655,4270.96,Waly MacWhirter
01-8595438,,Bread - Calabrese Baguette,03.05.2023,510,178.05,Cristiano Prangley
71-6289819,32-4221148,Bread - Granary Small Pull,08.12.2022,3722,420.89,Kata Flory
00-5151670,23-6021796,Ice Cream - Fudge Bars,,7868,1927.98,Boigie Paulon
41-1858859,13-1525908,The Pop Shoppe - Root Beer,,9126,4226.76,Jere Squier
52-3231036,01-6645527,Shrimp - 100 / 200 Cold Water,15.01.2023,8764,3611.07,Monroe Geroldini
56-5783416,35-5381244,Wine - Blue Nun Qualitatswein,14.09.2023,4612,,Emily Hodge
98-7278185,99-0278295,"Cheese - Manchego, Spanish",,9065,1882.76,Maxy Jills
55-0136860,28-5101799,Grenadillo,18.09.2023,9886,3542.23,Joletta Rounsefull
17-3691011,03-2528625,Parsley - Dried,09.08.2023,,2028.81,Paolina Pregel
89-4319703,72-3465467,V8 - Berry Blend,22.01.2023,2481,431.68,Ruth Milthorpe
20-1358319,42-5663259,Cleaner - Pine Sol,23.05.2023,3672,1123.38,Haydon Bartrap
52-6725560,72-1440567,"Lamb - Whole, Fresh",06.07.2023,9693,2443.71,Washington Grzegorczyk
80-8463724,99-0269178,"Chicken - White Meat, No Tender",17.09.2023,4904,1383.44,Ebony Kiffin
73-9426860,56-8191617,Papayas,10.01.2023,1911,3428.82,Darrell Roskruge
61-7751905,46-3112702,Pike - Frozen Fillet,27.01.2023,822,3347.71,Allegra O'Currine
48-6254706,40-1634672,"Mushroom - Chanterelle, Dry",04.10.2023,7314,2246.08,Sheilah Skeates
19-4778260,65-2143593,"Cheese - Manchego, Spanish",20.12.2022,8913,3103.18,Natty Robard
61-5525966,56-4996263,Oil - Peanut,28.09.2023,,3416.81,Gavan Greenstock
57-9284090,01-4712122,Foil - 4oz Custard Cup,18.09.2023,6700,3072.79,Early Burgoin
50-7043405,08-8870503,"Coffee - Beans, Whole",01.08.2023,7847,1675.22,Josey Apark
64-7456554,,Wine - White Cab Sauv.on,19.09.2023,1707,2958.61,Edd Staley
47-5134780,97-9801329,"Wine - Bourgogne 2002, La",23.08.2023,189,3880.37,Corinne Jakeman
78-9174754,78-5795832,Muffin Puck Ww Carrot,04.01.2023,9289,2768.94,Astrid Philcock
59-1136940,52-8743924,Bread - Mini Hamburger Bun,31.01.2023,5763,1355.38,Nessi De Few
69-1395318,33-2159547,Milk - Condensed,12.01.2023,3455,4486.95,Gates Low
40-0861056,93-5837678,Eggwhite Frozen,,2755,2730.73,Brit Cadden
61-3434187,64-8015178,Muffin - Banana Nut Individual,07.10.2023,4878,527.58,Fawnia Checo
08-5409183,65-2889948,Foil - 4oz Custard Cup,21.03.2023,,4402.71,Andy Dear
04-8711631,01-5025464,Pastry - Lemon Danish - Mini,25.11.2022,4400,1744.24,Gregory Guerrieri
94-1318292,23-6352202,"Tomatoes - Plum, Canned",10.08.2023,681,3394.52,Ardine Blackbourn
77-6065206,10-7139629,Wine - Prem Select Charddonany,06.06.2023,5440,227.42,Andris MacGhee
61-1727002,47-6123044,Bandage - Fexible 1x3,06.09.2023,3557,2533.52,Royall Cristofalo
06-0701241,65-4961710,Honey - Comb,01.02.2023,,4370.71,Evangelina Critten
63-7571475,01-0265066,Hummus - Spread,18.07.2023,7612,4302.05,Yurik Figgins
81-9017957,12-8063260,Grapefruit - Pink,,120,2306.94,Arnoldo Gniewosz
42-9439685,88-0030065,Tea - Decaf 1 Cup,30.11.2022,150,,Neysa Hurford
90-1384103,58-8039109,Garlic - Peeled,02.04.2023,2105,3429.86,Lark Purveys
41-6210171,92-0205077,"Ham - Smoked, Bone - In",25.10.2023,8688,3602.43,Ruprecht Whinney
48-3264416,29-7901289,Veal - Inside,,7974,3073.06,Ellwood Cartmael
47-3064579,03-1873811,Cocoa Powder - Natural,04.03.2023,9631,1964.37,Gabrielle Hallex
02-1949155,76-7732198,Beer - Steamwhistle,26.01.2023,7985,1301.33,Abigail Leeuwerink
04-6890598,92-0330466,"Vermouth - White, Cinzano",27.02.2023,4208,142.2,Gilbertine Broadhead
75-1301514,17-8364047,Coffee - Almond Amaretto,10.12.2022,6032,1971.49,Della Tythacott
59-1652828,,Cranberry Foccacia,07.06.2023,6961,3448.77,Althea Mower
63-2710573,60-5981263,Wine - Soave Folonari,22.10.2023,6306,,Elwyn Vertigan
56-6143883,78-3035590,Pork Loin Cutlets,08.11.2023,3267,,Gwyneth Dener
87-9817288,22-4135809,"Corn - Cream, Canned",04.06.2023,84,1025.77,Davin Loxley
79-0997292,30-1546830,Beef - Top Butt Aaa,14.06.2023,7753,2983.06,Elliott Spolton
55-3738295,55-3562770,"Pepper - Chillies, Crushed",25.07.2023,,3118.41,Hetty Have
48-7687670,04-3242567,Ice Cream - Chocolate,31.10.2023,4608,3989.11,Jacynth Milillo
66-4183715,,Bread - Dark Rye,22.05.2023,2087,,Ruben Burburough
13-2001115,,Puree - Passion Fruit,31.01.2023,698,1797.39,Desdemona Serrurier
02-6751627,02-8346073,Pepper - Yellow Bell,11.12.2022,1830,3668.22,Bobby Roalfe
43-0422224,94-6047579,"Lamb - Shoulder, Boneless",23.06.2023,3689,3273.19,Atalanta Gott
92-2552221,67-1307089,Peach - Fresh,23.08.2023,7208,1078.27,Kristi Lunnon
91-1440355,,Butter - Unsalted,,5681,3563.98,Jocelyne McConnell
65-4983822,,Cheese - Comte,,9733,683.4,Park Rao
83-8240132,89-6877201,Spice - Chili Powder Mexican,11.01.2023,5939,3946.37,Caesar Sennett
22-8576250,31-3048214,Lobster - Base,10.10.2023,4632,3456.11,Mervin Tumasian
72-5684800,97-3302789,Ecolab - Solid Fusion,26.04.2023,2456,,Torrance Sobieski
91-7154333,09-5568894,Wine - Taylors Reserve,01.03.2023,4835,,Licha Kingswell
07-8177018,03-8548820,Raspberries - Frozen,19.11.2023,8810,1357.63,Britt Czajkowski
97-3228831,24-7327323,Buffalo - Striploin,04.06.2023,2974,,Bentlee Clarabut
97-0956833,59-2495427,"Nut - Hazelnut, Whole",22.02.2023,2852,167.54,Rasia Franklen
43-2812888,24-8974233,Trueblue - Blueberry,24.02.2023,,2914.59,Julio Thewless
60-5341941,08-7280182,Shrimp - Tiger 21/25,18.08.2023,8949,783.24,Eugenia Milmo
56-6812481,,Beef - Texas Style Burger,15.01.2023,6301,1006.21,Lindy Chaulk
68-0663997,74-9459740,"Shrimp - Baby, Cold Water",09.11.2023,4868,4489.55,Vasili Stillert
58-8486221,42-4267767,Cookie Dough - Chocolate Chip,30.07.2023,3362,998.98,Florry Harmson
09-1782865,65-5090224,Bananas,20.03.2023,,728.61,Aile Glencros
17-0776315,09-2785549,Oil - Cooking Spray,,9975,4052.84,Beniamino Levi
84-0724575,83-7310742,Monkfish - Fresh,,7377,444.25,Isaiah Laverty
94-2744588,76-6280863,Tea - Green,03.03.2023,,2865.91,Yorgos Coste
19-6588783,52-6345524,Huck White Towels,11.10.2023,6355,3397.98,Johnathan Chant
83-3631997,27-1897796,Chinese Foods - Pepper Beef,17.02.2023,8173,965.96,Dunc Ivanyushin
24-5238347,10-4030711,Blouse / Shirt / Sweater,27.10.2023,4922,817.97,August Waycot
70-4105341,25-8608682,Mikes Hard Lemonade,02.06.2023,,3923.17,Riva Bartoszek
76-6805033,56-7642860,Frangelico,05.07.2023,1348,411.18,Dev Olden
03-4868325,28-1351046,Cheese - Camembert,11.03.2023,5759,,Torry Sinkins
18-6178509,08-9713688,Beer - Heinekin,18.11.2023,7817,2870.12,Trever Clunan
26-0878098,96-4095166,Ecolab - Hobart Upr Prewash Arm,21.04.2023,3349,1786.76,Tilda Hodge
73-5733924,52-7185295,"Beef - Baby, Liver",03.07.2023,8364,3835.69,Jessa Montford
75-6637976,,Wine - Magnotta - Cab Sauv,11.05.2023,4335,2590.16,Valentia Sainsbury-Brown
72-8437140,56-4895787,Muffin Mix - Banana Nut,05.01.2023,4640,1437.56,Ortensia Riggert
38-1654624,50-4205480,Steam Pan Full Lid,05.04.2023,9873,1075.8,Ingar Rosenberger
54-1245311,49-4654490,Cabbage - Green,19.01.2023,,1707.07,Bryana Iannitti
29-7961762,07-2511190,Appetizer - Escargot Puff,20.06.2023,,2922.14,Shandie Stott
95-2856206,37-3090745,Cookie Dough - Chunky,10.05.2023,5988,2097.53,Leeann Fryd
96-7104020,94-9670641,Salmon Steak - Cohoe 8 Oz,04.05.2023,2416,1249.61,Sisile Kindle
21-5461870,85-2077128,Pepper - Chili Powder,14.10.2023,819,1452.08,Ros Kesten
36-4495977,50-4045120,Pork - Belly Fresh,11.11.2023,617,4215.26,Ody Antonijevic
96-7671844,90-8438412,"Shrimp - 16/20, Iqf, Shell On",05.05.2023,,2184.01,Osbert Rallings
07-5730802,21-5116410,Muffin - Mix - Bran And Maple 15l,03.01.2023,804,590.65,Saba Boissier
30-8841250,,Pork - European Side Bacon,23.10.2023,1789,2517.94,Harrison Livingston
06-6844401,36-5233992,Higashimaru Usukuchi Soy,,7813,2813.58,Rozanne Gathwaite
54-4662321,23-3594889,Water - Perrier,06.06.2023,5129,3658.5,Beltran Messum
59-2813080,,Anisette - Mcguiness,24.07.2023,3714,1741.23,Shea Sterke
01-8400990,64-3264346,Honey - Lavender,05.02.2023,4362,3849.19,Wally Pattullo
29-1509297,42-9879704,Lobster - Live,20.11.2022,3595,3883.14,Stoddard Shoute
94-0083567,72-0237146,Pie Box - Cello Window 2.5,14.06.2023,82,2112.47,Vinnie McClay
18-6700769,61-9317960,Crab - Soft Shell,11.11.2023,3863,1132.12,Belicia McIntosh
85-8668142,28-3930922,Tea - Herbal Orange Spice,11.06.2023,1585,2353.51,Skyler Craighall
59-8187081,09-4301344,Wine - Carmenere Casillero Del,19.04.2023,5227,3994.61,Dulsea Houlridge
50-3518931,62-3054638,Pop - Club Soda Can,30.01.2023,8504,,Orlan MacCrachen
75-1324801,83-7282303,The Pop Shoppe - Black Cherry,15.11.2023,,,Savina Richly
78-8482129,15-2901108,Energy - Boo - Koo,30.07.2023,,2101.26,Rivalee Jeanes
94-8759848,06-8450584,Clementine,07.04.2023,8588,4381.05,Zara Agron
38-7546837,56-6380736,"Lid - Translucent, 3.5 And 6 Oz",06.12.2022,,2485.4,Marleen Averies
18-7028112,,Wine - Casablanca Valley,11.10.2023,748,3130.15,Stanford Abramin
37-7943140,17-3018071,Rye Special Old,16.06.2023,2868,185.19,Norry Peniman
65-0689028,82-3004967,Asparagus - Mexican,08.03.2023,699,,Nealon Madgwich
93-1656282,85-8185790,Bandage - Flexible Neon,27.02.2023,9714,2287.79,Beatrice Nurden
30-7191299,72-4617520,Oats Large Flake,,,,Brigitta Gilhool
49-9637871,95-4823119,Shichimi Togarashi Peppeers,14.06.2023,,372.42,Ada Andrzejewski
92-1493245,53-7157390,Clam - Cherrystone,27.11.2022,1367,1537.5,Erich Reast
21-0951098,47-1836218,"Carrots - Purple, Organic",10.05.2023,4312,2833.18,Giustino Owbrick
39-4082185,56-0830702,Latex Rubber Gloves Size 9,25.07.2023,3854,3095.95,Gamaliel Catmull
05-5536583,81-7342687,Mayonnaise - Individual Pkg,05.10.2023,3611,2315.81,Emmey Coverlyn
98-3898199,64-9891272,"Sauce - Soya, Light",,8661,,Antoni Girodier
26-9187063,32-2905034,Peppercorns - Pink,07.10.2023,3762,2890.32,Siffre Ollander
60-6056646,39-0854803,Pears - Bosc,16.07.2023,9542,2819.08,Powell Darrach
69-9121175,56-8971059,Beer - Labatt Blue,15.02.2023,,471.29,Lurline Espinel
77-5471378,54-2922196,"Rum - Spiced, Captain Morgan",27.02.2023,7965,,Morley Timbs
23-1533848,73-3665446,Cakes Assorted,10.01.2023,5650,747.93,Allianora Jurisic
96-5900297,43-6975179,Nougat - Paste / Cream,02.11.2023,3002,1807.37,Coretta Aylmer
27-6046012,96-2238972,Sweet Pea Sprouts,07.08.2023,6974,2489.69,Ingemar Windebank
78-9066385,45-1114475,Dc - Frozen Momji,12.09.2023,6770,1133.49,Locke Chaudrelle
06-7172282,16-0088937,Orange - Tangerine,18.12.2022,3190,,Link Konneke
19-0633277,86-7104830,Daves Island Stinger,19.06.2023,1933,406.03,Sisely Merchant
46-2144119,42-4916483,Pernod,25.01.2023,1735,1421.91,Eward Huffey
85-1342455,27-0703355,Broom - Push,29.04.2023,8578,3754.8,Cherilyn Tantum
12-2034365,,Tuna - Sushi Grade,22.05.2023,3703,1390.68,Horton Nuttey
59-7344418,90-9486318,Cookie Dough - Peanut Butter,20.09.2023,3588,3146.47,Rae Lorentz
84-2013077,44-5547633,Grenadine,,1101,749.3,Perry Biaggi
91-1644539,84-5580050,Tamarind Paste,28.01.2023,4430,2507.41,Stirling MacGuiness
60-4601067,,Flavouring - Orange,05.06.2023,4531,1542.6,Thaine Grattage
24-1812825,77-3914070,Cookie Dough - Chocolate Chip,22.04.2023,9541,1654.78,Sunny St Quenin
32-9053692,11-2012322,Mushroom - White Button,03.07.2023,,3932.23,Pru Nisuis
55-3819770,75-7987529,"Lamb - Whole Head Off,nz",04.04.2023,6183,1075.19,Cece McCurley
82-1311715,72-5848207,Coffee Caramel Biscotti,02.07.2023,9013,,Lorin Rzehor
72-3928005,13-8118527,Wine - Chateauneuf Du Pape,10.03.2023,8851,3885.63,Beale Doyle
76-1822074,12-1039424,Pike - Frozen Fillet,12.04.2023,9265,4160.43,Lethia Goves
03-4904984,10-8388949,Pork - Liver,06.03.2023,2553,314.73,Blancha Vasyutkin
85-2781981,85-8518437,Squash - Guords,17.11.2023,1527,2770.7,Gail Crawshay
08-1284722,58-7681652,Snails - Large Canned,15.06.2023,665,1644.91,Mohandis Croall
93-3300304,15-2087367,Broom Handle,07.02.2023,7091,3983.67,Artus Woofinden
23-4286407,70-4331166,Chinese Foods - Chicken Wing,08.08.2023,5354,2063.8,Eulalie Tippin
14-3321017,83-1058313,Beef - Tender Tips,06.10.2023,8526,3892.16,Hermon O'Dowling
73-7574739,26-8606788,Cheese - Brie,17.05.2023,4017,4392.29,Allan Philippon
06-8298607,89-3886851,Fond - Neutral,10.04.2023,9856,4418.2,Muffin Francie
13-7757508,50-7808223,Pasta - Angel Hair,25.03.2023,4525,2230.58,Salim Cars
52-5679163,63-7411285,Bread Country Roll,05.04.2023,,2005.95,Gilburt Joao
65-4546609,80-5352715,Pasta - Fusili Tri - Coloured,17.10.2023,2211,511.14,Tobiah Wreiford
48-8307217,48-9887268,Chicken Thigh - Bone Out,10.10.2023,2719,2581.78,Jade Blowne
62-9235818,07-7709579,Glycerine,06.06.2023,9082,1782.91,Kile Endean
15-0171766,69-2297521,Garam Marsala,03.02.2023,5607,513.43,Dot Sigsworth
62-6463075,08-4981850,Sausage - Meat,24.01.2023,7034,1645.76,Kerry Davydkov
36-9468061,87-8486336,"Soup - Knorr, Veg / Beef",07.11.2023,8658,3399.84,Faber Sidnall
22-3766560,13-9125371,Sauce - Caesar Dressing,,3006,1132.51,Marylee Wayvill
12-6651818,76-6628738,Artichokes - Jerusalem,09.04.2023,4874,3572.11,Janos Housbie
74-4756265,,Mace,05.11.2023,3011,3214.25,Hillard Hannabuss
23-9638867,67-8938478,Cookies - Amaretto,12.10.2023,234,3832.73,Prissie Finlan
65-7929949,60-6374722,"Wine - White, Lindemans Bin 95",29.11.2022,3571,3652.84,Hartley Tyrrell
36-2800861,85-5703619,Cheese - Brie Roitelet,11.03.2023,4320,1190.05,Cord Beaney
77-3772950,21-9664499,Fond - Chocolate,25.01.2023,393,1955.96,Paula Sloan
82-7888438,83-3758870,Chicken Breast Halal,23.10.2023,1605,4253.62,Parrnell Spur
55-5505447,58-9342473,Beef - Sushi Flat Iron Steak,09.08.2023,6703,3378.83,Olly Stiggers
32-1480173,15-0616421,Nori Sea Weed - Gold Label,31.01.2023,1738,786.04,Karrie Panter
63-2261055,06-0911220,Ecolab Silver Fusion,13.06.2023,5644,1051.49,Pepe Marklund
78-7106217,66-9072142,"Pepper - Paprika, Hungarian",15.08.2023,8819,839.19,Isaiah Schreurs
84-0096910,66-5422726,Ginger - Ground,07.02.2023,8688,1666.37,Ruby Strewther
64-2567412,08-5616917,Appetizer - Crab And Brie,,543,1989.25,Warner Lagde
19-6851423,97-0955543,"Tendrils - Baby Pea, Organic",26.02.2023,6180,3333.08,Clyve Sapseed
16-9626956,54-5042365,Ham - Procutinni,13.02.2023,4864,3021.51,Ebba Bernardotti
76-2750076,83-4321389,Ice Cream - Strawberry,28.04.2023,5148,2325.92,Euell Boissier
48-9740731,52-6538558,Appetizer - Mushroom Tart,15.08.2023,2238,1472.52,Sully MacFaell
39-5702700,45-3376243,"Veal - Insides, Grains",10.06.2023,9343,2794.75,Clementine Lyste
16-1484513,78-2222823,Cloves - Whole,26.07.2023,8384,2103.64,Pet Clay
72-9400030,95-0362640,Bread Roll Foccacia,02.10.2023,,3548.63,Chiarra Goater
32-0464924,47-8537348,Wine - Red Oakridge Merlot,30.11.2022,1592,3972.02,Charlean Kellegher
10-5572945,,Cut Wakame - Hanawakaba,20.08.2023,6627,4360.32,Kalila Monkton
34-6766828,38-2116066,Parsley - Fresh,27.10.2023,8851,,Vivyanne De Santos
96-4528066,,Wine - Niagara Peninsula Vqa,25.07.2023,9811,4015.2,Stanislas Matuska
05-0173992,79-5847121,Table Cloth 90x90 White,06.03.2023,,1666.9,Cordy Geroldo
32-2086580,92-4633483,"Ecolab - Orange Frc, Cleaner",,,3989.1,Jesselyn Calder
67-5338032,69-8233698,Graham Cracker Mix,31.12.2022,3989,,Gina Ketchell
01-6716972,02-4494576,"Wine - White, Lindemans Bin 95",10.09.2023,6216,,Lorrayne Maffey
54-3573661,33-3694103,Island Oasis - Raspberry,17.11.2023,5662,4228.3,Paxon Staig
38-8069876,27-4421975,Chickensplit Half,11.09.2023,5027,3367.04,Farr Thews
04-9438220,13-2124232,Duck - Legs,29.05.2023,,1724.94,Earle Cranson
13-2096601,49-2492814,Chicken - Whole Fryers,25.01.2023,9942,171.94,Charleen Potes
41-6972911,34-1217776,Sherry - Dry,28.06.2023,963,2581.03,Jerrilee Champ
92-0714707,29-7211002,Persimmons,24.05.2023,2909,3320.69,Pavia Zupa
25-8973106,89-9457264,"Potatoes - Yukon Gold, 80 Ct",,7105,638.1,Innis McGahey
36-2013623,65-5558024,Cake - Box Window 10x10x2.5,11.05.2023,2668,3511.67,Law Baroche
54-6039504,67-9603198,Tofu - Soft,11.05.2023,7557,,Nevile Purdon
43-2637116,73-9676599,"Wine - Cahors Ac 2000, Clos",13.11.2023,9581,3468.29,Adelice Stimpson
26-5130319,36-3065614,Shrimp - 150 - 250,19.12.2022,2411,1902.79,Jessi Cham
00-2340423,,Orange Roughy 6/8 Oz,13.10.2023,7466,2155.45,Daune Sloper
31-6288940,91-3211965,Carbonated Water - Wildberry,16.07.2023,6872,4490.32,Lamar Gladdis
81-0527486,19-5633098,"Soup - Campbells, Chix Gumbo",09.09.2023,8539,1148.53,Patten Wilkes
74-4529879,31-7723664,"Bread - Roll, Calabrese",07.11.2023,4737,3631.72,Jocelyne Gulland
13-2295505,28-0463406,Pears - Bartlett,26.10.2023,6968,410.15,Wesley Schistl
58-0540864,66-9323351,Tobasco Sauce,01.08.2023,7851,3905.98,Noel McLoughlin
95-0942033,68-8785983,Cheese - Ermite Bleu,19.06.2023,2586,3774.69,Tonnie MacCaffery
05-1224126,11-1996323,Island Oasis - Sweet And Sour Mix,05.10.2023,,1581.1,Eleen Barney
47-9495484,08-0840392,Dates,15.09.2023,2960,4070.4,Britt Tuddall
63-4510368,20-0694866,"Tart Shells - Sweet, 2",27.07.2023,167,143.01,Breena Houtbie
61-8930026,45-7135138,"Salmon - Smoked, Sliced",,3223,581.01,Brittan Hickenbottom
96-6469626,55-6086166,Steam Pan - Half Size Deep,,6194,449.8,Jacqui Longo
84-7618099,95-7450892,Broom Handle,,2286,4315.77,Shayla Mansfield
43-9599520,23-9151137,"Quail - Whole, Boneless",,620,658.33,Lilias Wraggs
55-7924547,25-0279973,Vinegar - White,17.12.2022,208,2197.12,Valerie Haking
49-3556425,03-5170972,Cilantro / Coriander - Fresh,05.01.2023,4299,2800.27,Del Aylen
63-5443575,93-9688769,Oil - Olive,18.11.2023,8543,2217.68,Ase Stotherfield
32-2473917,18-6538430,Cookie Dough - Chocolate Chip,04.01.2023,3230,3487.14,Claudio Peare
81-4329108,72-8971697,Sour Puss Raspberry,01.01.2023,3125,3615.61,Arabel Bertram
54-3354608,,Puree - Strawberry,08.05.2023,2181,,Merla Tibbotts
64-6037964,94-8670036,Muffin Hinge Container 6,30.01.2023,4892,1349.54,Florian Gehrts
69-3810125,59-6256667,Wine - Casablanca Valley,26.07.2023,452,3205.46,Kerwin Ericsson
22-7879352,15-0051597,Dc Hikiage Hira Huba,07.02.2023,3454,2301.25,Ambur Baversor
05-5171222,53-9250613,Wine La Vielle Ferme Cote Du,22.01.2023,7788,3446.62,Elden Twidale
09-8019310,92-3893919,Oranges,09.05.2023,6301,1149.73,Taffy Lambshine
34-6826798,,Longos - Chicken Cordon Bleu,,6195,2450.46,Casandra Boeter
75-1763215,19-6297842,Swiss Chard - Red,09.06.2023,4984,742.81,Hewett Aldwich
12-2852671,18-0078057,Sauce - Vodka Blush,,142,2050.86,Maurine Radcliffe
94-0196047,68-8518629,Mousse - Passion Fruit,05.11.2023,7485,505.63,Kaila Dowbiggin
57-7736356,85-5832384,Aspic - Light,,5036,2356.43,Jarrid Pimlock
00-0175952,95-1039929,Energy Drink Red Bull,12.11.2023,,1054.25,Niles Stiddard
02-5733546,22-7435549,Squid - Tubes / Tenticles 10/20,20.10.2023,9496,129.3,Ebonee Carwithim
68-9728640,,Extract - Raspberry,16.10.2023,3010,4149.64,Gardener Fasham
27-1838149,92-8832273,"Chocolate - Milk, Callets",14.05.2023,,499.87,Gabbie Worledge
72-3805263,28-5085487,Jagermeister,12.06.2023,,2938.99,Myrtice Cahalin
34-4391598,75-0948991,Pork - Shoulder,13.01.2023,9077,2059.28,Ronna Giacobo
67-1040539,64-6725045,Wine - Sicilia Igt Nero Avola,,,622.14,Lutero Smale
16-4880856,86-6822363,Juice - V8 Splash,23.06.2023,3323,3346.58,Bettine Byneth
37-7100545,46-8293197,"Beef - Bones, Cut - Up",,6124,1453.9,Sybila Theyer
67-4857603,77-9453787,Muffin - Bran Ind Wrpd,18.04.2023,8933,666.32,Laney Vasilyonok
08-9100353,74-4098665,Bonito Flakes - Toku Katsuo,10.09.2023,7046,3210.27,Elladine Nelle
83-0199129,52-1457200,"Chicken - Thigh, Bone In",22.11.2022,6566,194.79,Celesta Kann
53-5438140,91-7223632,Chocolate - Liqueur Cups With Foil,30.11.2022,2636,653.19,Stevana Lothlorien
74-2073985,72-5357787,"Pasta - Rotini, Colour, Dry",21.03.2023,5658,3213.17,Clare Tranmer
03-0429083,80-4639886,Salt And Pepper Mix - White,09.01.2023,3649,2352.46,Erastus Cowen
12-0283266,41-6295377,Longos - Grilled Chicken With,23.03.2023,2272,2231.84,Angela Brea
79-8863604,57-4260956,Lid Tray - 12in Dome,03.07.2023,2681,2770.78,Carmina Willoughley
42-1940393,05-5756220,"Cherries - Bing, Canned",26.07.2023,4572,4432.44,Marylou Buckley
19-9248992,93-5339829,Duck - Breast,22.12.2022,93,935.44,Vannie Rubinovitsch
56-8382632,19-9331639,Flower - Potmums,11.03.2023,172,3454.27,Cece Selly
46-6133117,,Lettuce - Treviso,22.08.2023,7170,1962.03,Reuben Capelin
26-7448137,20-3223987,Longos - Grilled Salmon With Bbq,25.04.2023,5903,693.47,Dav Kemston
97-9877772,68-5650333,Crab - Imitation Flakes,27.06.2023,,1078.69,Rustie Cankett
02-0020902,01-7491247,"Juice - Cranberry, 341 Ml",27.05.2023,9568,3432.56,Gene Ruberry
81-6508739,39-0464045,Paper - Brown Paper Mini Cups,06.05.2023,8585,4359.5,Ruthann Pendered
74-6231590,53-8209288,"Pork - Back, Short Cut, Boneless",29.08.2023,8024,4363.16,Amalee Epperson
06-4042791,95-5257904,Bagel - Plain,21.08.2023,7068,3168.42,Marianna McGonigal
08-2401598,63-7727099,Beef - Cow Feet Split,13.11.2023,,3426.11,Ad Radley
40-7959669,,Curry Paste - Madras,13.08.2023,8633,68.02,Aldus Montrose
05-4993986,79-6717917,Sauce - Hp,26.05.2023,7212,1632.03,Tiebout Spencers
29-1106881,30-2074635,Wine - Spumante Bambino White,04.07.2023,756,4211.8,Kendell Ternault
94-7208003,41-1198923,Southern Comfort,12.05.2023,8270,3031.1,Kata World
31-8823849,25-1310024,Trueblue - Blueberry 12x473ml,04.11.2023,6359,1691.77,Leeland Rohfsen
03-0356096,,Sobe - Liz Blizz,02.05.2023,8405,3450.82,Danie Larrett
83-3585644,70-8944631,Tea - Green,23.04.2023,,4317.06,Weidar Wrennall
94-1671502,,Dried Peach,03.02.2023,9215,718.89,Berti Hindrick
68-9495588,,Juice - Propel Sport,30.11.2022,4680,286.47,Barn Forstall
12-0703383,49-9387715,Mangoes,15.08.2023,466,1509.33,Gerard Kingscote
70-3101361,33-3368744,Scampi Tail,21.08.2023,4853,2279.07,Lorilyn Byatt
06-9724385,11-0319287,Rhubarb,02.06.2023,1363,542.4,Juieta Eddowes
33-2469301,,Flour - Chickpea,20.03.2023,9684,,Karole Castanaga
04-6648175,86-2197873,Wakami Seaweed,08.03.2023,6653,4200.15,Tod Vigne
69-7994548,76-8942491,Fruit Mix - Light,19.10.2023,4030,1410.65,Lennie Lergan
01-1383521,04-8913238,"Lid - Translucent, 3.5 And 6 Oz",17.11.2023,3327,1248.26,Fifine Bedin
38-7252696,92-6950664,"Syrup - Monin, Swiss Choclate",,6339,2911.42,Shirl Casswell
49-8453185,,Mushrooms - Honey,18.10.2023,1469,2622.26,Faustine Endecott
19-2589609,41-2352682,Sage - Fresh,02.04.2023,,3530.83,Shaun Hardingham
77-9862881,67-2417632,Trout Rainbow Whole,27.05.2023,5275,2453.05,Betteanne Sisey
62-0594050,03-2321811,"Beans - Black Bean, Canned",16.04.2023,8637,472.52,Giraud Breheny
80-1881611,32-8592200,Currants,02.11.2023,4778,1409.52,Gerhard Itzhayek
82-7390425,61-8005011,Pepsi - 600ml,01.12.2022,,966.66,Lemuel Beernaert
60-4244297,89-1830546,"Pork - Ham, Virginia",,920,2990.37,Fabien Mordie
93-7612077,,"Liners - Banana, Paper",09.12.2022,2398,3580.82,Elwin Kettridge
53-9292718,48-4151078,Evaporated Milk - Skim,06.11.2023,,2216.85,Devonna Marr
61-3036027,99-3200197,Mustard - Dijon,,3385,57.52,Kirbie Yockley
42-7847157,,"Loaf Pan - 2 Lb, Foil",20.12.2022,8686,226.5,Martguerita Sydry
02-7184284,23-8048628,Soup - Base Broth Chix,08.12.2022,,4386.25,Lazarus Chaves
25-4210740,96-9957368,Oil - Coconut,03.01.2023,6475,,Launce Cussons
88-9774718,66-3153758,Sugar - Invert,24.02.2023,,349.8,Marty Bartomeu
87-6811785,97-0180868,Rice - Wild,18.10.2023,2543,3575.23,Fancy Shaxby
64-0036582,65-9370505,Cream - 10%,11.03.2023,2914,2868.03,Archambault Francois
34-3884715,34-5336118,"Asparagus - Green, Fresh",10.06.2023,2990,4180.61,Astrix MacGiffin
76-2487831,61-9193406,Cheese - Colby,16.09.2023,585,1272.17,Petronella Broz
38-1229386,41-5284110,Chocolate - Dark,26.02.2023,220,2125.18,Kitty Lindborg
51-3659828,90-0115786,Cherries - Fresh,26.04.2023,1271,3132.35,Deedee Chessun
45-3590809,,Chocolate Bar - Oh Henry,08.09.2023,3492,2636.83,Lexie Mitchinson
48-2041312,50-2780317,Kellogs All Bran Bars,27.06.2023,9635,771.16,Martha Mattingley
44-0116107,48-2576926,Bread Foccacia Whole,06.04.2023,6617,2176.32,Corenda Krysztofowicz
60-0904076,32-7360636,Bowl 12 Oz - Showcase 92012,05.08.2023,5820,,Dun Clancey
08-1070990,13-6869558,Bread - 10 Grain Parisian,06.02.2023,2861,2355.26,Willie Ballintyne
78-1981136,07-0956579,Lettuce - Spring Mix,15.09.2023,5695,1070.16,Darlleen Figiovanni
76-8490708,30-7905891,Phyllo Dough,07.12.2022,5128,3206.12,Ethelred Henrys
92-3884914,94-6612505,Coffee - Frthy Coffee Crisp,12.01.2023,5913,3448.83,Barney Alster
27-7382398,87-3919135,Herb Du Provence - Primerba,,8901,1358.01,Guy Borel
21-5164535,09-0421773,"Chilli Paste, Hot Sambal Oelek",14.02.2023,6130,,Paulita Docker
52-1266797,61-0762055,Vinegar - White,18.12.2022,7709,3624.24,Rozelle Blackaller
50-8024486,03-8540753,Tart - Butter Plain Squares,06.05.2023,2213,2591.4,Walt Powter
63-6753315,98-7751863,Dip - Tapenade,19.10.2023,,2408.03,Freda Lodwig
50-2513858,71-9566402,"Mushroom - Shitake, Dry",04.09.2023,,416.87,Aldis Itskovitz
84-6937596,57-4543355,Shark - Loin,02.07.2023,147,2076.25,Huberto Dabell
86-8900275,,Noodles - Steamed Chow Mein,26.10.2023,9552,545.23,Jerri Frantsev
19-1822436,35-4409771,Foil - 4oz Custard Cup,10.05.2023,4097,3008.68,Gwendolyn Gathercoal
44-5376555,79-2601525,Wine - Dubouef Macon - Villages,23.11.2022,8930,2750.67,Fidelia Moyle
14-4642757,90-8600749,Ginger - Pickled,,1073,2371.37,Corilla Galland
05-5786380,17-2821446,"Lamb - Whole, Fresh",,,1159.49,Gabriel Channing
65-0504501,,Pastry - French Mini Assorted,,2627,1707.11,August Remer
08-3885276,17-0765309,Bread Crumbs - Japanese Style,13.02.2023,9799,1603.78,Rudd Westphalen
87-2339893,06-4165034,Bread Ww Cluster,07.02.2023,,3135.69,Myrna Whightman
67-4317067,,Tea - Jasmin Green,28.10.2023,4186,,Ursula Witterick
80-0708222,50-7658737,Wine - Spumante Bambino White,29.06.2023,8888,3789.94,Ulla Kerridge
71-0706575,43-2864255,Soup Campbells Beef With Veg,23.02.2023,2766,4453.23,Lyndsey Denison
72-3894246,11-3600244,Transfer Sheets,12.12.2022,4504,794.42,Gifford Macrow
31-7089874,25-8086223,Kiwano,29.04.2023,1597,3782.24,Hobey Buckenham
81-2256844,84-6399221,Garam Masala Powder,18.09.2023,2215,2850.27,Portia Deluce
78-4742605,58-5943111,Milk - Chocolate 250 Ml,08.07.2023,,,Zaneta Grelka
86-6883831,33-1715719,Beef - Texas Style Burger,26.06.2023,8337,1879.85,Sean Ebenezer
64-1422204,73-6876593,"Vodka - Lemon, Absolut",14.08.2023,6800,3988.87,Estele Saladin
56-5300588,44-8451330,Veal - Nuckle,28.05.2023,7638,4343.61,Avram Herreran
62-6732175,,Basil - Thai,,4308,2702.88,Hashim Izod
51-8760987,55-2815016,Bouq All Italian - Primerba,,,2906.87,Mirelle Efford
99-3030186,99-1588225,"Wine - Magnotta, Merlot Sr Vqa",30.11.2022,468,1375.58,Benji Roggero
42-8762430,48-9714537,Lamb Shoulder Boneless Nz,25.01.2023,7829,,Naomi Benazet
43-4166064,61-8486304,Pastry - Baked Cinnamon Stick,23.09.2023,,1846.79,Cece Woodfin
64-0037503,09-6830302,Chicken - Bones,12.02.2023,1146,2629.79,Lanita Pykerman
48-3612416,72-5948789,Dc - Sakura Fu,29.12.2022,8820,2467.35,Ally Vivyan
40-5647631,91-4539052,Fork - Plastic,09.02.2023,3866,3626.47,Emlynne Allcorn
31-6860145,71-9502620,"Cheese - Cheddar, Medium",29.08.2023,3773,4107.29,Patrick Vales
23-0073707,38-2934335,"Pasta - Shells, Medium, Dry",14.10.2023,7123,507.69,Kermit Alessandrucci
82-5108201,36-8872166,Garbage Bags - Black,27.02.2023,2693,,Stevy Pennacci
89-3992803,18-1868473,Wine - Sicilia Igt Nero Avola,11.02.2023,9273,686.62,Marcy Tudhope
07-8793043,35-5210276,Green Scrubbie Pad H.duty,,3967,1401.11,Lauren Mothersdale
87-2012610,19-8233674,Beer - Pilsner Urquell,25.11.2022,1501,1973.58,Orlan Hinckes
80-6767330,92-4801845,Pork - Shoulder,30.04.2023,4458,2106.52,Mycah Goundry
34-9556711,93-0093962,"Wine - White, French Cross",12.04.2023,718,2395.83,Helenka Kindred
62-0531131,31-0110792,Mix - Cocktail Strawberry Daiquiri,27.06.2023,5625,3775.01,Cathie Bayne
16-4576373,36-0116711,Pepper - Green Thai,,2887,3739.38,Garland Kinglake
64-4743884,22-9227531,Nantucket Pine Orangebanana,17.11.2023,5466,3267.33,Janet Adin
41-8557220,,Alize Red Passion,14.03.2023,3882,832.93,Moore Maynell
27-2330649,86-6807843,"Artichoke - Bottom, Canned",07.09.2023,4376,4239.37,Dunstan O' Quirk
49-8964805,02-3166049,Potatoes - Fingerling 4 Oz,11.04.2023,4697,752.26,Mellie Sebert
46-7446725,07-3367100,Dried Peach,03.07.2023,4044,1185.56,Friedrick Tiffany
84-1148144,44-1991147,"Coffee - Beans, Whole",14.02.2023,8017,621.8,Mildred Larkcum
63-4705058,55-7602261,Spic And Span All Purpose,02.06.2023,1363,2682.7,Hagen Desquesnes
45-1735385,46-5617067,Pur Source,20.11.2022,94,558.26,Jannelle Gever
11-9477195,79-5888370,"Extract - Vanilla,artificial",09.09.2023,7865,721.81,Jessika Uppett
44-8752587,50-0181369,"Wine - Red, Marechal Foch",23.05.2023,6568,3191.12,Hunter Pfaffel
35-7103506,70-0173434,Fuji Apples,,301,4196.16,Forrester Childe
63-0580064,48-4692707,Scrubbie - Scotchbrite Hand Pad,20.09.2023,3225,1937.06,Callida Steadman
80-7589906,75-6373110,"Stock - Beef, Brown",19.08.2023,9782,2134.79,Maurie Meeland
48-4203621,19-6227578,Pork - Caul Fat,18.08.2023,3522,310.73,Zackariah Scown
01-4364422,,Muffin Hinge Container 6,26.02.2023,9982,799.07,Stacy Keepence
32-0087590,51-9627135,Bandage - Fexible 1x3,13.11.2023,8622,862.87,Redford Fairweather
80-9097261,,Squash - Guords,,5858,3030.53,Hank Colloby
31-2257332,,Dooleys Toffee,,2290,3986.56,Petrina Grouvel
21-0692693,64-6110603,Soy Protein,10.12.2022,8577,1322.66,Virgina Stothert
57-8556726,80-4409484,Cake - Lemon Chiffon,17.03.2023,1226,,Sonnnie Dumphry
40-4578449,31-2251835,Tea - Lemon Green Tea,25.04.2023,1164,476.93,De witt Ferraro
58-4884476,80-9287115,Island Oasis - Wildberry,18.12.2022,5943,1060.81,Erskine Quail
30-5887065,88-7747987,Sauce - Hoisin,05.07.2023,6049,2310.42,Daphene Niblock
50-7605808,02-8788640,Chicken - Leg / Back Attach,10.11.2023,7692,3479.13,Gilberto Vauls
61-3682724,18-4063203,Pork Salted Bellies,02.04.2023,3935,,Fee Rideout
97-3248359,87-7582431,Straw - Regular,10.04.2023,8684,237.01,Heidie Meighan
17-2376971,69-4748595,Appetizer - Shrimp Puff,15.07.2023,9975,3626.45,Brock Richarson
73-6201473,66-8981163,Bag - Regular Kraft 20 Lb,15.08.2023,3682,2288.59,Branden Dymond
08-2410268,11-0677545,Grapefruit - Pink,12.02.2023,2200,1607.44,Blondy Kees
68-2229488,15-9428768,"Wine - Red, Antinori Santa",06.07.2023,783,3490.27,Corbet MacManus
96-0654100,51-6997773,Dip - Tapenade,11.01.2023,4335,3356.07,Benn Rizzetti
57-5671377,22-4313508,"Yogurt - Peach, 175 Gr",21.12.2022,1029,3125.41,Emmey Skeats
98-3816154,89-3315542,Yucca,24.04.2023,482,501.1,Morena Akram
88-9629560,38-2568067,Sauce - Hoisin,08.05.2023,1764,2331.65,Brennan Mossdale
96-8417881,86-1525555,Caviar - Salmon,13.07.2023,2202,2046.92,Kacy Duckerin
33-5094677,86-5045207,Lettuce - Radicchio,,8577,,Sinclair Wannell
87-2703955,35-3913668,Salt - Table,18.08.2023,1289,4073.13,Quint Dunsford
93-8195684,,Bread - Italian Roll With Herbs,11.08.2023,6839,,Emmott Gilbride
97-5976870,94-2888827,Bread - Sour Batard,17.10.2023,6071,1505.52,Candis Norcop
31-0710189,71-5818331,Bread Crumbs - Japanese Style,08.01.2023,4466,207.62,Anica Ciccerale
71-7073627,30-1695891,Breadfruit,,,3845.34,Rozalin Haddacks
55-8702320,94-1432375,Island Oasis - Peach Daiquiri,01.01.2023,5145,4453.09,Hedi Davidzon
20-5839539,02-3179744,Munchies Honey Sweet Trail Mix,22.03.2023,1534,2439.47,Demetris Tolman
60-6325425,50-5013015,Beer - Sleemans Cream Ale,20.07.2023,6267,3868.84,Joann Benny
41-4791159,58-6726601,Beef - Ground Medium,20.11.2022,8251,777.62,Kippy Sponder
38-5077483,60-7212616,Lobak,08.01.2023,1592,164.02,Norine Colvie
80-1662369,24-5571308,Cookies - Englishbay Chochip,24.07.2023,998,2774.07,Sigismond Tuhy
97-2075950,94-3396061,The Pop Shoppe - Black Cherry,27.05.2023,4012,2544.97,Domingo Corington
01-9219268,34-5196861,Tuna - Bluefin,10.12.2022,3163,1214.05,Teddy Slay
61-3575057,07-8314258,Flower - Commercial Bronze,05.05.2023,7873,,Jareb Hursthouse
67-5606904,14-7205786,Nantucket - Kiwi Berry Cktl.,25.10.2023,9254,720.04,Lory Bambrick
95-8565508,,"Leeks - Baby, White",28.11.2022,3535,2534.29,Rab Oda
73-8059150,58-1173393,Wine - Shiraz Wolf Blass Premium,03.06.2023,2459,,Blayne Faveryear
91-2975693,55-0650681,Wine - Piper Heidsieck Brut,18.04.2023,5536,221.65,Umeko Klimkovich
39-6540722,57-5602235,Apple - Granny Smith,18.09.2023,8157,1077.67,Leodora Colley
73-6189101,,Oil - Olive Bertolli,,5549,,Titos Levick
20-2516506,97-3667200,Bread - Olive,15.07.2023,2117,3196.04,Kendre Tolotti
54-0601120,56-7464841,Carbonated Water - Blackberry,17.07.2023,218,1870.65,Ilyse Evensden
73-2601448,21-9621655,Longos - Lasagna Veg,08.01.2023,795,3667,Keene Townshend
02-5540903,55-1902158,Sauce - Roasted Red Pepper,06.11.2023,5314,783.41,Kalinda Borgars
56-4066554,30-1945340,Crab - Imitation Flakes,09.06.2023,6979,2773.12,Mort Bezant
73-9958403,49-8360883,"Soup - Knorr, Chicken Noodle",31.08.2023,3494,2613.13,Stephani Calken
07-6865283,57-0412084,"Turkey - Whole, Fresh",,5099,4211.76,Charisse Neilands
00-2293795,88-9689865,Wine - Ice Wine,23.07.2023,,841.38,Loy Chippendale
20-5952021,,Spic And Span All Purpose,27.04.2023,4913,2804.98,Eolande Fessier
43-1061925,42-6422865,Wine - Rubyport,04.09.2023,,2913.9,Ransell Gethin
04-1710947,11-7265413,"Wine - White, Pelee Island",22.10.2023,8787,1044,Innis Massel
18-0956888,,Pears - Bartlett,03.10.2023,1942,1788.79,Stavro Mauser
64-6974034,98-1624993,Onions - Pearl,29.01.2023,1884,3504.53,Kendrick Pummery
47-7892017,,Canada Dry,18.07.2023,8648,2915.34,Ange Ablott
69-7353230,29-0711424,Wine - Dubouef Macon - Villages,09.10.2023,4682,3747.9,Marcie Welton
69-3103309,29-4577948,Bag Clear 10 Lb,04.06.2023,6173,,Allyson Durram
06-2131244,89-9784167,"Ecolab - Orange Frc, Cleaner",28.03.2023,7308,1700.59,Bale Freeth
12-8496617,17-7748948,Walkers Special Old Whiskey,18.12.2022,5760,,Sher Thody
65-6829081,15-3213300,Icecream - Dibs,11.11.2023,2134,,Bevan Kleinhandler
93-4895296,,Raspberries - Fresh,14.11.2023,7427,2832.56,Sydel Coldbathe
22-1008923,83-4968437,Chips Potato All Dressed - 43g,16.10.2023,6339,848.38,Lee Hannent
56-6871185,03-1488638,Oil - Shortening - All - Purpose,17.08.2023,,3632.3,Ole Rilton
91-2156282,51-8051779,Oil - Grapeseed Oil,18.04.2023,1748,456.42,Di Bonhomme
55-9974947,15-1176019,"Soup - Knorr, Ministrone",07.04.2023,1738,2548.66,Ketty De la Barre
99-3985148,24-1788613,Turkey Leg With Drum And Thigh,27.03.2023,,3014.96,Cordelia Roxby
56-3166747,53-2951159,Squash - Butternut,17.09.2023,4999,1136.61,Nelie Charter
70-0427647,65-4891466,Syrup - Chocolate,08.07.2023,5842,74.22,Pepe Belvin
15-2202052,,"Water, Tap",03.08.2023,9922,3621.55,Siobhan Cockett
78-4229880,,Emulsifier,04.12.2022,6271,2426.56,Brose McRobb
80-7612890,,Foil - 4oz Custard Cup,03.12.2022,5724,3289.04,Rani Breckin
37-2040093,25-0188898,Cornish Hen,,1378,4257.99,Glynda Winscum
68-9601073,,Cream - 35%,22.12.2022,6737,4405.75,Marlo Kinch
86-3735956,39-9965195,Carbonated Water - Orange,27.12.2022,,4150.57,West Antonignetti
02-0131488,65-1778573,Bowl 12 Oz - Showcase 92012,15.01.2023,9418,,Adria Warbys
26-7529564,37-5534365,"Pasta - Penne, Rigate, Dry",13.06.2023,589,818.99,Garold Beaufoy
93-0675260,93-6179235,Paper - Brown Paper Mini Cups,10.06.2023,9364,1131.1,Ugo O'Lynn
94-2603300,04-5563503,Scampi Tail,25.12.2022,,1436.21,Tam Beneteau
10-3698819,67-1632731,Lamb - Bones,13.10.2023,6448,1664.51,Valentine Westwater
91-8484230,43-4963961,Ecolab - Hobart Washarm End Cap,14.03.2023,,407.49,Fidelio Placido
82-3911569,18-7945113,Cherries - Frozen,05.09.2023,7664,4399.56,Ariel Magovern
37-9801340,44-9093385,"Salmon - Atlantic, Skin On",,9908,766.75,Rikki Jakubowsky
24-0097977,,"Seedlings - Buckwheat, Organic",16.04.2023,666,3409.46,Jobi Hamblin
59-3574668,61-0561316,Kohlrabi,19.10.2023,9099,1322.62,Kizzie Chesworth
90-4069211,50-9334390,Flour - Teff,04.04.2023,7188,607.49,Karoline Levesley
80-3302118,58-8191918,Liners - Baking Cups,,5066,1833.2,Luisa Huddleston
63-1106029,50-7954081,"Vodka - Lemon, Absolut",13.07.2023,101,3581.61,Maridel Van Salzberger
75-6507813,26-7160742,Blueberries,14.09.2023,537,1128,Christiano Capner
71-1720528,77-7254565,Artichokes - Jerusalem,06.11.2023,4484,3009.35,Meyer Malkin
60-6895418,43-9461607,"Rum - Spiced, Captain Morgan",22.12.2022,4749,,Waly Todari
60-1453729,,Pate - Cognac,31.10.2023,1999,1864.82,Clair Wratten
28-1598784,22-6909184,"Capon - Breast, Double, Wing On",18.06.2023,1066,,Borg Emloch
26-5743773,41-2454970,Cassis,23.01.2023,7856,617.48,Korrie Swale
54-4697734,,Sping Loaded Cup Dispenser,17.07.2023,,4032.26,Guillermo Kienle
86-8845440,08-4250344,"Tart Shells - Savory, 3",13.07.2023,7497,3233.77,Gerianne Jillings
45-9993995,89-7611492,Tuna - Yellowfin,23.02.2023,5767,63.13,Carri Kezar
85-4316388,37-2649500,Pepper - Yellow Bell,12.08.2023,366,1288.88,Penelopa De Vaan
68-7795858,11-6033193,Shiro Miso,22.06.2023,4120,3858.19,Ogdan Skade
50-1954725,25-2110071,"Pork - Tenderloin, Frozen",05.10.2023,6543,1684.67,Juliane Stedall
25-6039240,26-6189255,Bread - Crusty Italian Poly,07.03.2023,7668,4266.64,Quintus Kenrack
81-0732522,83-6540813,Bread - Triangle White,13.02.2023,2667,2538.23,Chic Morriarty
74-5686405,,Tobasco Sauce,21.02.2023,3495,,Evangelina Outram
33-8795087,45-9222221,"Oranges - Navel, 72",25.03.2023,6979,3939.81,Madelina Myrick
61-8505110,24-4997421,Wiberg Cure,02.04.2023,1883,2487.93,Tabitha Sankey
17-0299438,46-8262903,Guava,01.01.2023,3288,1146.67,Esmeralda Diament
97-6872601,44-7422256,"Pepper - Paprika, Hungarian",13.12.2022,,1934.6,Morlee Shimmin
82-6037155,28-3309864,"Stock - Beef, White",17.07.2023,1638,541.21,Colman De Cristoforo
60-4899046,54-6550713,Asparagus - Frozen,22.10.2023,8693,,Drusie Chatel
22-9250476,87-7361213,Magnotta - Bel Paese White,31.10.2023,3794,2076.8,Janice Patriche
51-8130569,79-2511600,Lidsoupcont Rp12dn,13.10.2023,3993,2447.29,Harriet Guyer
72-7080695,76-4571234,Flour - Pastry,11.05.2023,1512,1878.17,Killy Potten
58-2237171,33-6600910,Bread - Corn Muffaleta Onion,11.03.2023,5470,2064.53,Hector Chipman
27-0355302,92-6455071,Container - Hngd Cll Blk 7x7x3,03.12.2022,5476,3720.39,Scarface Derrick
07-1390263,63-0909399,Beans - Soya Bean,30.09.2023,202,3924.99,Zelig Onion
54-9164956,59-5029963,Cheese - Grie Des Champ,14.02.2023,3140,1334.98,Franny Peaple
91-4340045,08-2347689,Temperature Recording Station,10.01.2023,9886,1194.4,Alix Trowill
69-4098290,14-3431594,Onions - Red,18.12.2022,7614,1044.8,Domini Gowans
75-7662666,27-6761296,Beer - Muskoka Cream Ale,01.03.2023,1060,3993.79,Allison Verlander
91-6184621,33-9363075,Aromat Spice / Seasoning,25.06.2023,3042,1875.37,Zelig Ranns
25-3753234,,Liners - Baking Cups,18.05.2023,7107,811.63,Teodora Nozzolii
91-8744223,93-2324237,Filo Dough,08.04.2023,5413,2820.93,Lorilyn Murrill
36-7521633,59-1523662,Green Scrubbie Pad H.duty,27.06.2023,1059,1574.47,Symon Stening
05-3269599,52-8309870,Muffin Mix - Corn Harvest,26.10.2023,1133,,Bria Duke
12-7219215,97-8712993,Quail - Jumbo Boneless,,4161,1115.98,Ree Fosten
23-6901662,91-2632540,Flour - Strong Pizza,15.04.2023,5554,4441.25,Arleta Solan
90-7528223,64-5373523,Bok Choy - Baby,30.05.2023,,868.66,Serena Hazeldine
93-3752436,,"Beans - Fava, Canned",09.05.2023,8611,908.19,Wynn Bicksteth
30-0326927,58-9855556,Yoplait - Strawbrasp Peac,,9111,2136.7,Sada Breffit
11-6213537,38-8713567,Cookies Almond Hazelnut,07.01.2023,8864,3732.33,Sallee Sheivels
13-4282312,80-8780967,Sausage - Meat,06.07.2023,2063,4036.29,Piotr Minear
14-4791384,03-2079252,"Pasta - Bauletti, Chicken White",27.11.2022,3283,341.91,Afton Griffithe
94-3394892,06-7065719,Sprouts - Baby Pea Tendrils,27.05.2023,9190,2012.44,Ringo Renny
18-7544209,10-8154470,"Asparagus - White, Canned",,,,Arlina Bazell
46-5594399,,Cheese - Gouda Smoked,13.07.2023,8373,310.5,Aldus MacMeekan
23-3814842,48-1800722,Island Oasis - Cappucino Mix,,6507,3950.97,Tristam Scrooby
77-5679620,50-0607823,Wine - Chianti Classica Docg,12.04.2023,6343,3179.39,Alanson d' Elboux
95-4686976,05-9880540,Longos - Chicken Wings,10.06.2023,6519,3242.41,Rupert Burles
56-5922707,07-4880076,Wine - Charddonnay Errazuriz,22.03.2023,4537,3181.24,Elia Walbrook
73-0946992,,Brandy Cherry - Mcguinness,02.03.2023,6479,,Kane Andrzejczak
25-0370248,56-7489657,Sprouts - Baby Pea Tendrils,14.02.2023,9782,1331.71,Skipp Bowle
88-2716279,30-6683390,Scotch - Queen Anne,11.08.2023,7870,1326.72,Hildy Abby
22-4183320,47-0168605,Butter - Pod,14.11.2023,7342,505.56,Hermy Bosch
99-7517823,05-1262896,Bread - White Epi Baguette,01.12.2022,1020,,Claudianus Vint
46-4771866,,Tea - Green,12.01.2023,9512,603.89,Sosanna Lakin
28-2911237,85-8224607,Lobak,16.02.2023,57,1307.9,Theresina Fasham
07-1003636,09-3787917,Wine - Vouvray Cuvee Domaine,29.12.2022,4662,1306.43,Roanne Ackermann
03-5390532,18-2649493,Beef - Ox Tongue,24.10.2023,8367,1166.72,Carly Alenichev
04-6843516,,Juice - Cranberry 284ml,12.03.2023,4592,3513.91,Charles Keam
92-6901093,85-7746618,Wine - Chablis 2003 Champs,13.09.2023,9420,2595,Garrot Nelligan
22-4807691,79-6472438,Pepper - Chilli Seeds Mild,17.03.2023,2481,3038.44,Alethea Tollady
78-4468080,04-6152135,Chips Potato Salt Vinegar 43g,19.12.2022,,1955.53,Blinni Sentance
53-3644386,01-9689180,Potatoes - Idaho 80 Count,23.03.2023,3512,,Lock Huxter
54-7834273,00-4422004,Dry Ice,03.06.2023,4876,111.89,Robinette Jatczak
35-8776336,23-5699147,Wine - Rioja Campo Viejo,18.09.2023,9558,4388.08,Hattie Grenshields
18-9822496,72-7826949,"Wine - White, Antinore Orvieto",27.12.2022,2268,325.89,Waverly Gurr
88-0994631,77-7508661,Wine - Shiraz South Eastern,08.07.2023,8475,3159.95,Rinaldo Grishanov
91-2766620,75-1680801,Cheese - Gouda,04.10.2023,,,Luciano Arrigucci
13-3904500,13-7485881,Cheese - Colby,,2550,2886.55,Wyndham Bernt
15-6276156,22-1115952,Flour - Chickpea,11.08.2023,7321,628.89,Steffen Salvin
68-3174153,36-5217469,Sage - Rubbed,18.06.2023,6082,1964.26,Hally Coventon
17-6192943,14-0565821,Cactus Pads,01.10.2023,4837,3432.5,Haywood Arne
37-1784504,74-3978030,Cup - Paper 10oz 92959,17.04.2023,3164,,Chelsey Morewood
07-4363270,65-8113385,"Soup - Knorr, Chicken Gumbo",30.06.2023,4554,4241.74,Joseito Clamp
60-2331491,15-5208836,Flour Pastry Super Fine,30.05.2023,,1026.3,Miles Durnan
80-5989770,26-9137228,Rice - Aborio,11.04.2023,3823,2803.28,Cirilo Pennells
39-3087365,29-0355415,Appetizer - Asian Shrimp Roll,23.07.2023,8483,1647.55,Rowland Sigars
82-4799452,,Crab Brie In Phyllo,05.05.2023,53,2428.06,Ellen Osler
03-3937479,47-4043759,Sprouts - Onion,19.07.2023,5647,,Kore Balderson
36-7796937,92-5431184,Bulgar,11.11.2023,593,4220.4,Zoe Walczak
04-0356486,02-7019092,"Mushroom - Oyster, Fresh",,,93.45,Jameson Brugden
73-6325207,38-5320070,Shrimp - Black Tiger 8 - 12,18.04.2023,7346,1027.67,Jefferson Grestye
76-7551721,27-3041673,"Vermouth - White, Cinzano",04.02.2023,1210,3771.9,Tasia Applegate
66-1646341,,Mustard - Seed,,1972,1947.11,Kellia Plumbley
93-0239383,26-3388138,"Capon - Breast, Double, Wing On",15.05.2023,3179,2429.08,Jamison Shippey
73-7032560,52-6422333,Clam Nectar,01.03.2023,4512,909.15,Branden Bowgen
89-4841343,66-2130404,Cake - French Pear Tart,10.01.2023,2354,3625.34,Zelig Albrook
22-6404678,66-5112083,Ostrich - Prime Cut,09.08.2023,3414,3697.5,Quinn Couve
47-3175412,26-2688707,Longos - Lasagna Beef,18.12.2022,2398,3238.88,Sharon Yude
19-9131889,,Ham - Cooked,30.10.2023,5583,1768.73,Ellis Aires
56-6296429,53-4610660,Dried Cherries,28.02.2023,458,1800.22,Reggie Kirkby
15-6416893,06-7555570,Tea - Green,23.08.2023,9290,3005.3,Lebbie Gudde
38-6190693,37-8712400,"Pasta - Bauletti, Chicken White",22.12.2022,,2801.02,Walker Conyard
96-7578465,,Wine - George Duboeuf Rose,02.04.2023,3895,1100.45,Carley Lesser
64-9159488,51-5028473,Sobe - Tropical Energy,,7278,2587.05,Goober Gaughan
79-1349768,64-8259728,Appetizer - Seafood Assortment,08.01.2023,4843,3065.25,Terrie Lyosik
27-8657696,13-4047271,"Soup - Beef, Base Mix",02.12.2022,1550,4092.53,Meris Starsmore
05-1708627,27-9769309,Soup - Chicken And Wild Rice,11.01.2023,7823,2162.37,Welsh Blomfield
84-5681372,,"Beans - Navy, Dry",22.09.2023,4426,285.17,Rockwell LeEstut
72-6448982,13-3300699,Goulash Seasoning,04.11.2023,2692,535.5,Dolley Curee
48-5456231,71-8845850,"Soup - Knorr, Classic Can. Chili",19.10.2023,4229,1409.4,Elka Pirkis
16-8600398,21-6274807,Wine - Vouvray Cuvee Domaine,09.04.2023,1422,3309.97,Meagan Ready
64-4908447,,Dome Lid Clear P92008h,20.11.2022,5720,4377.62,Manolo Loudon
83-2391372,44-1474592,Carbonated Water - Blackcherry,05.12.2022,5823,412.98,Teddy Dable
17-1709750,,Flour - Teff,17.10.2023,5394,3482.73,Harris Brothwell
48-5655318,64-5833058,Wine - Lou Black Shiraz,28.02.2023,7530,2731.69,Roxie Islip
48-7267534,,"Yogurt - Cherry, 175 Gr",21.01.2023,5545,1651.84,Lev Billion
74-7073442,82-5484309,Cactus Pads,23.01.2023,2287,,Magdalen Bastin
33-7471023,,Mushroom Morel Fresh,27.09.2023,3305,3262.34,Blinnie Brewett
71-7801230,40-2002940,Onions - Green,,2336,3248.74,Silas Bennit
50-3846422,07-2705863,Croissants Thaw And Serve,,9602,199.25,Nixie Lautie
07-6745723,81-5737001,"Wine - White, Ej",10.05.2023,7414,813.06,Yevette Richemont
02-4540749,49-4442573,Bread Crumbs - Japanese Style,28.01.2023,743,632.62,Yolanthe Ellick
45-1861568,40-1070044,Chips Potato Reg 43g,,5948,3894.72,Richmond Abbie
82-9290550,84-9053189,"Pork - Tenderloin, Fresh",29.09.2023,3879,3127.45,Addison Bleibaum
12-4997984,69-6910834,"Bread - Roll, Italian",25.08.2023,9612,1644.97,Midge Kubalek
83-7482544,60-6250316,Beer - Pilsner Urquell,25.10.2023,4581,678.18,Derick Bowton
46-6689502,,Curry Powder Madras,03.12.2022,,99.22,Hilary Gouinlock
52-5477315,,Red Cod Fillets - 225g,24.03.2023,7250,2255.9,Beckie Costell
86-7161067,,"Oranges - Navel, 72",30.09.2023,7279,758.24,Barnabas Kahane
35-4028597,70-5017442,Vacuum Bags 12x16,13.06.2023,8421,,Sarette Seabridge
58-5960658,83-4576901,Carbonated Water - Strawberry,21.07.2023,8741,947.57,Ali Gothup
66-6872104,66-8246347,Rosemary - Fresh,03.03.2023,9132,2593.63,Evangeline Burlingham
60-7537890,51-6706198,Fennel - Seeds,29.10.2023,169,860.15,Avie Rimour
18-4898456,15-5303883,Sugar - Crumb,26.11.2022,6183,4114.06,Hyacinthe Serotsky
56-5686998,67-9089941,Onions - Green,31.05.2023,4893,2799.36,Lionello Spiaggia
68-1703983,66-2813859,Wine - Riesling Dr. Pauly,24.10.2023,6434,1206.64,Niki Rosenstock
15-6199573,79-7897107,"Soup - French Onion, Dry",23.06.2023,2700,1117.92,Oralee Greaterex
02-6873556,38-1241370,"Wine - Red, Marechal Foch",26.07.2023,1075,264.56,Torrin Rushe
55-8026408,57-2850504,Chef Hat 25cm,04.08.2023,7556,4273.68,Lenard Pfeffer
78-4075683,08-5936325,Ice Cream - Super Sandwich,11.05.2023,9703,185.96,Malinde Ghilardi
56-3792340,20-5721412,Foie Gras,25.10.2023,3710,819.19,Salome Buddle
18-0504723,74-1719994,Veal - Liver,22.06.2023,5395,4475.98,Skip Knotton
35-6398471,53-7742537,Cheese Cloth,14.06.2023,,2052.84,Grier Harston
89-3407392,91-9169284,Beef - Tenderloin - Aa,08.03.2023,9292,1566.22,Cami Giacoboni
15-4314362,34-5462752,"Stock - Veal, White",09.06.2023,6164,2512.07,Gwendolen Lune
84-5541743,60-7010283,"Pepper - Chipotle, Canned",06.09.2023,1860,1061,Cinda Millington
90-5908728,50-5987942,Snapple Raspberry Tea,24.07.2023,392,,Stace Bury
10-6002169,17-9913826,Goldschalger,,9589,1824.79,Augusto Adamoli
73-8954630,75-0563463,"Mushroom - Oyster, Fresh",11.12.2022,2724,4177.54,Cele Drivers
81-3785259,93-1483822,Bread - Olive,19.10.2023,5999,1746.94,Yoshi D'Alesco
54-6408709,35-0653654,Bread Base - Italian,02.02.2023,9288,3246.37,Peterus Arnholtz
75-2270724,17-0968996,Versatainer Nc - 888,25.07.2023,,,Leshia Charter
57-1081069,23-1384452,"Wine - White, Schroder And Schyl",20.12.2022,597,3476.01,Lemuel Lightbourne
13-0943541,66-7458660,"Oil - Truffle, White",02.06.2023,2460,3167.09,Hi Normansell
36-9240696,35-2965416,Syrup - Chocolate,16.01.2023,1345,2940.78,Lynda Dreschler
53-1350821,45-8611209,Bread - Pita,05.11.2023,2512,849.56,Ros De Haven
02-7917590,,Nestea - Iced Tea,10.06.2023,6171,,Willetta Craig
47-5282174,53-1464229,Clam Nectar,09.04.2023,137,4114.39,Lorilyn Carolan
52-2756741,13-9103897,French Pastry - Mini Chocolate,19.05.2023,7356,1788.37,Cindee Westwell
25-5132308,99-8993141,Turnip - Wax,12.04.2023,4287,,David Armytage
09-0976771,72-8443902,"Bread - Roll, Soft White Round",08.10.2023,7946,1295.45,Gretal Werlock
95-5855140,60-7512279,Lid - 0090 Clear,03.04.2023,6624,620.49,Karlotte Docherty
76-9164421,66-0307576,Noodles - Steamed Chow Mein,,6576,,Wynn Gahagan
73-3697727,,Quiche Assorted,11.04.2023,1732,129.33,Lesli Storms
71-7560654,,Lychee,30.06.2023,8402,,Hammad Ilyushkin
50-8961672,05-8693783,Wine - Cava Aria Estate Brut,07.07.2023,6561,1294.24,Allan Filippi
90-4833948,,Coffee Decaf Colombian,19.10.2023,850,2141.08,Syman Brauninger
25-2309071,56-9116718,"Bread - Crumbs, Bulk",07.01.2023,5470,2495.36,Arney Kerkham
01-4189287,,"Bread - Dark Rye, Loaf",03.11.2023,7614,2980.51,Hodge Gouth
72-2849309,17-8801899,Bag Stand,11.07.2023,2464,3762.68,Emmett Cantrell
86-1057782,89-3334073,Bagel - Everything Presliced,20.11.2022,991,,Deeanne Scuffham
30-4445295,,Bonito Flakes - Toku Katsuo,01.10.2023,2949,1107.83,Zandra Tacey
95-5393904,62-2778045,Mahi Mahi,16.04.2023,5107,2233.79,Veda Laytham
45-8873383,09-1225603,Mustard Prepared,02.12.2022,2229,3420.98,Des Mussettini
98-9923770,76-2270747,Soup - Campbells - Chicken Noodle,20.12.2022,5402,4122.8,Abdel Escofier
68-2882037,86-0053307,"Pasta - Rotini, Colour, Dry",21.09.2023,4790,,Pincas Ruppele
91-8601768,03-8047599,Catfish - Fillets,05.12.2022,8569,3380.39,Patten Gotfrey
27-3821771,57-3838139,Mustard - Dijon,16.12.2022,,,Garvin Garstan
31-2477978,15-2788943,"Juice - Orange, 341 Ml",09.08.2023,9824,4319.29,Lucille Danzelman
98-5894993,70-3596026,Island Oasis - Sweet And Sour Mix,28.11.2022,6836,1861.76,Suzy Lage
25-1770387,02-0831619,"Juice - V8, Tomato",,,533.21,Gwenette Barkas
01-0441311,,"Shrimp - 16 - 20 Cooked, Peeled",17.06.2023,5652,4100.72,Keelia Rives
96-4971074,79-2904495,"Soup - Campbells, Chix Gumbo",10.07.2023,,1392.2,Elli Helis
45-2338514,50-8577032,Soap - Hand Soap,18.05.2023,,3090.93,Pierre Varsey
39-9581673,72-9289306,Corn Kernels - Frozen,,9050,1236.86,Dorette Cohan
37-2200423,79-8253747,Beef Wellington,,9394,2102.54,Clarabelle Gresswood
63-7162529,84-8175872,Pepsi - 600ml,,5865,,Marie Drews
84-4276486,56-0546575,Longos - Grilled Salmon With Bbq,15.09.2023,6173,3555.78,Erinn Cafferty
10-9547555,61-9845006,Wine - Puligny Montrachet A.,,5833,4310.02,Carley Ludlamme
03-8520193,16-4080011,Shopper Bag - S - 4,06.01.2023,2052,1852.53,Hollis Tratton
31-0445425,,Cream - 10%,23.11.2022,,2428.44,Ignacio Datte
07-2524366,95-6051463,Chocolate - Dark,15.07.2023,460,3970.4,Ingrid Keyho
11-1837639,67-2974750,"Bread - Sticks, Thin, Plain",11.12.2022,4423,1419.91,Tann Everist
85-0809096,79-6187551,Cleaner - Pine Sol,08.06.2023,4729,3831.52,Grover Patzelt
14-5881220,70-4619411,Swordfish Loin Portions,25.07.2023,9696,1030.15,Andee Schimann
27-6760931,02-7837898,Sauce - Hp,22.01.2023,5602,986.88,Hobey Arnow
24-4883191,78-3592118,Wine - Alsace Gewurztraminer,02.03.2023,5211,1061.89,Gabriel Ballantyne
94-8161517,00-9567177,Pepper - Red Chili,10.10.2023,1790,3576.86,Chloris Tapsell
92-7962197,76-5993625,"Salt - Rock, Course",07.08.2023,5459,2616.56,Mariejeanne Duxbarry
09-1945378,18-1772461,Sauce - Hollandaise,,8510,2809.79,Hubie Glusby
53-0148021,85-5574039,Veal - Ground,,6440,1857.05,Gisele Southard
14-3728559,81-8957734,"Wine - White, Pelee Island",10.02.2023,,1751.68,Deane McKane
61-1146801,19-9920856,Melon - Cantaloupe,07.06.2023,,3775.84,Ricoriki Lethebridge
49-7886213,55-1323535,Cheese - Sheep Milk,08.01.2023,1292,1996.6,Stephani Jackson
36-6890221,38-9148780,"Tart Shells - Savory, 3",11.07.2023,1961,1923.09,Christiano Cutten
69-4444383,,Knife Plastic - White,09.11.2023,,2683.75,Franny Mowbray
47-7280043,23-2736690,Fond - Neutral,26.03.2023,2280,1323.72,Dorry Dunn
80-3759453,02-1204330,Foam Tray S2,09.08.2023,9191,977.28,Rosmunda Wolseley
04-6819545,48-6757845,Mustard - Dijon,06.05.2023,7502,1888.95,Fawne Giovanetti
84-8571989,41-5724462,Ecolab - Balanced Fusion,31.10.2023,5798,1288.62,Ev Roswarn
74-9260397,,"Syrup - Monin, Irish Cream",09.03.2023,777,3106.26,Gris Rofe
76-6404864,50-5683792,"Turkey - Breast, Smoked",12.07.2023,8851,,Cassie Cherry
30-9190153,53-7081877,"Cup - 6oz, Foam",,6298,3996.37,Kippie McKinie
58-3505631,87-7638147,"Lemonade - Natural, 591 Ml",14.08.2023,4093,1006.94,Giralda Dearnaly
10-8471629,84-0882504,Wine - Montecillo Rioja Crianza,12.02.2023,2708,,Marjie Dawkins
42-2631091,28-2570862,Coffee - Flavoured,19.10.2023,3654,1559.32,Johannes Marr
57-5780882,37-2525090,Bread - Raisin Walnut Oval,04.03.2023,7667,976.56,Barbabas Peebles
82-6068188,14-0195395,Quail Eggs - Canned,11.05.2023,2577,624.33,Sheridan Graffham
87-6583717,95-3319391,Wine - Clavet Saint Emilion,06.01.2023,5972,4213.43,Frannie Vanlint
68-3459825,33-7940701,Sauerkraut,29.01.2023,7660,630.48,Lonee Haitlie
96-6328671,77-8410314,Chicken - Tenderloin,13.03.2023,5043,4398.31,Bart Tomlett
76-9368074,43-4097157,Beer - Sleemans Honey Brown,27.04.2023,8981,667.07,Benedikt Curness
21-8633992,81-3109824,Oil - Sesame,16.10.2023,3635,1082.47,Dee Raincin
99-6403714,52-2511031,Crab Brie In Phyllo,14.05.2023,5656,1393.43,Kristoffer Bengough
24-9614796,59-7756756,Water - Spring Water 500ml,12.05.2023,9684,202.5,Meryl Priestley
43-7213786,11-0679998,Wine - Pinot Grigio Collavini,,569,2280.02,Bunni Ould
71-1762340,17-4362094,"Nut - Walnut, Chopped",26.02.2023,5175,279.77,Kylila Sergant
34-9565117,66-1012114,Spinach - Packaged,06.05.2023,,748.08,Aurea Scramage
96-7861886,39-3719087,Beans - Fine,02.06.2023,5801,3581.87,Denny Mehew
36-4731859,92-8818158,Cookie - Oreo 100x2,28.12.2022,4521,4262.04,Juliane Dixcee
57-7064707,48-4077724,Aromat Spice / Seasoning,20.12.2022,9906,1655.16,Constanta Capner
41-5548947,54-3053283,Pastry - Raisin Muffin - Mini,19.08.2023,4729,,Napoleon Dik
47-1203695,17-2932102,Turkey Tenderloin Frozen,02.11.2023,2177,916.9,Matias Orrock
15-9865015,99-9711273,Lamb - Loin Chops,22.06.2023,5373,1448.57,Kristine Husher
35-4010392,35-7933849,Bread - White Epi Baguette,18.01.2023,,,Carmelia Lillford
99-0390944,90-7051492,Chocolate - Feathers,07.04.2023,2746,2770.88,Kris Thomesson
41-7497718,06-5954211,Eggplant - Regular,15.09.2023,,549.25,Swen Cammell
74-3256984,88-8848094,Bar Energy Chocchip,28.01.2023,1715,3864.97,Kingsley Reynard
23-0776134,62-8509685,Bread - Malt,13.07.2023,6548,2063.54,Gertrudis Kentish
84-5156952,,"Mushroom - Oyster, Fresh",25.04.2023,621,3642.46,Lanita Lord
47-5136579,20-5820719,Coffee - Egg Nog Capuccino,12.11.2023,2126,3963.88,Burke Rosenwald
15-3200156,95-6251837,"Wine - White, Pinot Grigio",01.12.2022,1345,3796.93,Verne Rudinger
64-1562488,,Chick Peas - Dried,10.03.2023,6656,3833.85,Carlyn Pember
52-7443560,59-9284546,Spice - Chili Powder Mexican,09.09.2023,,732.63,Ewan Drohan
92-1539997,94-6771391,Island Oasis - Mango Daiquiri,,2413,4303.34,Cristobal Ricks
01-4781728,09-9704892,Chickensplit Half,,7994,2538.9,Tana Fairham
42-4386552,69-7664525,Energy Drink - Redbull 355ml,04.10.2023,8581,,Artur Castane
38-9630740,46-6027681,Energy Drink - Redbull 355ml,01.09.2023,5185,1113.68,Mara Verity
98-0741169,74-6931396,"Cup - 6oz, Foam",04.03.2023,3641,233.05,Nanni Dighton
42-9746969,31-1755946,Cassis,20.02.2023,9383,3406.43,Jobey Bromhead
32-7287583,45-3102443,Flavouring - Rum,07.07.2023,1206,4219.19,Denna Gidney
56-0478378,87-7424819,Appetizer - Southwestern,07.12.2022,4428,,Daile de la Valette Parisot
09-3668570,29-0478906,Dried Cherries,28.11.2022,6925,3723.76,Marcelia Martin
07-7374839,51-8657888,Bar - Granola Trail Mix Fruit Nut,29.07.2023,441,1859.72,Catarina Fidgett
36-7240148,,Onions - Spanish,06.01.2023,690,1829.83,Stace Dagg
62-2249963,65-7619219,Towel - Roll White,17.01.2023,682,,Brietta Molian
61-2318739,87-0679636,Green Scrubbie Pad H.duty,,3760,,Nicole MacAindreis
35-4179709,68-4075273,"Beans - Fava, Canned",16.03.2023,9812,1094.22,Marylynne Gilliat
46-3288905,80-6590427,Walkers Special Old Whiskey,07.12.2022,5497,2903.74,Shelton Sickert
93-4335503,61-4974928,"Wine - Red, Colio Cabernet",19.04.2023,7127,1946.15,Zane Sottell
08-4498733,16-1004794,"Wine - White, Ej Gallo",11.11.2023,7461,4155.29,Bev Jachimiak
40-9565162,54-9390473,Cookie - Oreo 100x2,07.11.2023,6287,3885.99,Modesty Dadds
28-2299927,50-5784044,Veal - Insides Provini,17.12.2022,3673,3837.74,Reinaldos Loxdale
39-8918468,51-3232317,Wine - Sauvignon Blanc,25.02.2023,6025,2461.18,Erroll Foreman
96-1526323,71-3230048,Sugar - Individual Portions,,7371,3106.97,Carlotta Dane
46-0165573,39-2177908,Chocolate - Unsweetened,23.01.2023,2368,,Claude Giroldi
25-3169096,,Beer - True North Lager,11.03.2023,1979,2306.76,Felisha Jacob
25-9966942,31-6038079,"Cod - Salted, Boneless",05.07.2023,9945,3727.36,Uriel Shernock
04-4042947,65-2223150,"Soup - Campbells, Butternut",22.02.2023,,1521.19,Sterne Defraine
51-3478512,17-4015176,Flower - Commercial Spider,18.02.2023,8544,3193.63,Zsa zsa Berard
46-0384118,40-9739828,Juice - V8 Splash,21.06.2023,9142,3651.9,Elisabet Spelman
55-0000485,16-9982901,Pepper - Roasted Red,09.10.2023,3848,723.62,Ricardo Keepe
62-8006258,55-3957592,Foil - Round Foil,05.10.2023,3629,131.69,Consalve Vink
34-5067462,,Russian Prince,23.10.2023,6770,890.58,Katrinka Stickels
92-0398847,66-4291078,Five Alive Citrus,11.11.2023,4436,4184.62,Carolan Grandison
39-2754341,60-4675145,Bread - Olive,13.12.2022,2710,1881.16,Loni Mailey
25-4053210,65-8434599,White Baguette,05.01.2023,439,2090.09,Darcee Glover
14-6026197,06-2196549,Melon - Honey Dew,,7179,3584.5,Burton Fitzer
75-5516393,99-5364612,"Doilies - 12, Paper",09.04.2023,5864,3267.72,Yasmin Ledur
48-9365067,99-8750306,Tomatoes - Grape,28.02.2023,,2412.21,Margarette Dossettor
83-1472544,52-5285816,Carbonated Water - Cherry,09.10.2023,278,2371.79,Benedick Gatty
44-1035945,69-1744533,Squash - Guords,03.08.2023,6115,1368.66,Madge Yewman
68-3924831,36-9451309,Cheese - Wine,20.11.2022,1214,1943.35,Ezequiel Consadine
40-1556617,43-6062067,Gingerale - Diet - Schweppes,,1123,3806.57,Jacinta Aurelius
36-9962026,,Wine - Fino Tio Pepe Gonzalez,17.11.2023,9966,4471.88,Gianni Knocker
85-3424797,04-7971818,Grapefruit - White,,5793,3293.68,Diann Loakes
62-3182975,97-0091323,"Lamb - Whole, Frozen",11.05.2023,,,Web Boam
50-3256530,71-9876013,Sugar - Icing,26.08.2023,8888,1221.94,Herby Strang
17-3957706,82-0922035,Tarts Assorted,05.11.2023,1824,,My Eschalette
24-4621170,56-9344187,Juice - Apple Cider,07.07.2023,7453,47.67,Sada Kleszinski
53-6187386,04-9219856,Wine - Riesling Dr. Pauly,16.02.2023,282,,Viviene MacKnight
56-8474577,76-9870935,Vodka - Moskovskaya,11.06.2023,1823,1525.73,Otis Farherty
21-9579763,93-8230370,Tumeric,,,198.6,Opalina Sebrens
43-2702045,39-5286294,Urban Zen Drinks,11.05.2023,2845,3152.38,Chaddy Rene
39-9996059,34-4991598,Shrimp - 100 / 200 Cold Water,09.08.2023,7223,2579.24,Mikol Aloway
83-3330088,62-3660011,"Nut - Pecan, Halves",12.12.2022,5491,147.82,Sari Jagger
15-4643890,61-9251919,Tia Maria,06.05.2023,2484,2148.51,Sophia O'Heaney
47-6251269,49-8200521,"Nut - Almond, Blanched, Ground",07.07.2023,5751,4051.48,Martica Malsher
86-3120505,16-5652489,"Wine - White, Concha Y Toro",22.09.2023,7299,,Alia Gavaghan
68-3312281,92-4855766,Coriander - Seed,15.10.2023,5108,1160.92,Vilma Rennie
43-8703487,08-4710734,Syrup - Monin - Passion Fruit,,8253,1583.39,Hersh Sprulls
91-4810942,96-4242011,Cod - Fillets,21.12.2022,6532,3300.19,Horatio Grut
18-0156175,57-4436550,Wine - Gato Negro Cabernet,12.08.2023,7448,665.85,Ange Readshall
52-9293308,,"Juice - Pineapple, 341 Ml",18.11.2023,7657,1715.28,Sarajane Eacle
24-0426779,98-1220699,Sauce - Chili,,9806,,Tera Woloschin
72-9866359,52-3432661,Calypso - Pineapple Passion,18.01.2023,,2072.68,Trisha Naseby
58-9678654,02-5360780,Horseradish Root,03.11.2023,7296,343.91,Tobit Danniel
16-7597215,,Sardines,21.09.2023,2465,651.02,Levon Bunclark
55-3775285,64-4363968,Cheese - Mix,20.05.2023,3554,3502.91,Darrelle O'Hollegan
47-7124494,56-3851392,Lid Tray - 12in Dome,11.12.2022,8730,2636.11,Ruddie Grewes
40-4397488,92-5069690,Waffle Stix,26.04.2023,400,3606.58,Jorge Brunker
62-4495316,05-8467232,Coffee - Egg Nog Capuccino,,3965,4405.94,Joellen Elsop
67-3621487,18-5312632,Bread - 10 Grain,01.06.2023,2691,843.66,Rozanne Dast
78-1638411,09-7622209,Turkey Leg With Drum And Thigh,28.11.2022,6778,,Jaymee Mildner
74-5913409,64-6470936,Dikon,01.06.2023,,2377.88,Ailene Robez
98-3070787,12-0509066,Sponge Cake Mix - Vanilla,,578,2870.36,Vivienne Autie
08-1444774,94-6564228,Artichokes - Jerusalem,11.06.2023,891,1452.88,Effie Ryce
90-5917105,63-6578095,"Shrimp - Baby, Cold Water",18.05.2023,6126,4095.27,Olympe Meir
16-9551642,96-3822617,Beer - Tetleys,,4538,3502.41,Irvin Simla
64-5127644,29-7000378,"Quail - Eggs, Fresh",24.08.2023,9263,,Marjie Giorgione
62-6770551,,Bonito Flakes - Toku Katsuo,02.02.2023,5469,3073.44,Zahara Chevin
70-2231266,17-5471663,"Yogurt - Strawberry, 175 Gr",30.06.2023,,3877,Hercules Pipet
42-3328924,81-9061744,Pimento - Canned,20.07.2023,2022,1061.51,Beck Twyford
87-6519714,65-9930508,Pepper - Chilli Seeds Mild,06.01.2023,9886,598.59,Laurette Ponten
75-7779664,35-4188355,Cod - Black Whole Fillet,18.03.2023,186,560.83,Ariella Fratczak
27-2886026,38-3268628,Tomato - Peeled Italian Canned,08.06.2023,,1323.77,Eada Crowth
15-6205804,10-1954910,Carbonated Water - Raspberry,04.05.2023,1272,2337.47,Natal Bon
18-8408146,91-3986008,Graham Cracker Mix,,4488,4418.38,Dene Etchell
68-2362963,89-5175250,"Quail - Whole, Boneless",20.12.2022,9113,2991.1,Jacinda Pither
78-9606712,38-1076102,Bread - Hot Dog Buns,27.07.2023,7290,2445.81,Tamar Birmingham
23-4015927,08-8177633,Chocolate Bar - Oh Henry,27.06.2023,2222,294.25,Veronica Lince
93-8427396,09-3486145,Tuna - Sushi Grade,16.10.2023,8977,515.36,Rogers Raitt
98-0765333,33-3332901,Veal - Heart,29.01.2023,594,4092.88,Leisha Willimot
26-2402583,15-8769711,Wine - Cave Springs Dry Riesling,25.08.2023,327,2228.73,Lukas Collingham
51-1757274,60-0957518,Veal - Liver,25.08.2023,,,Rem Pirie
87-9073080,78-0842993,V8 Pet,05.08.2023,539,4324.43,Wileen Critchard
09-4646610,51-3621025,Squash - Butternut,,,2833.03,Rafi Haggarth
60-5602688,,Cocktail Napkin Blue,26.03.2023,,973.9,Diandra Hearn
79-7605153,83-3898013,Cookie Double Choco,28.07.2023,9226,2217.83,Clayton Artin
80-9035967,90-3121048,Fish - Bones,17.04.2023,4280,1645.06,Erminia Farquharson
95-0328409,87-7739735,Table Cloth 81x81 White,,6320,1427.05,Ashil Kaufman
59-2615127,74-2049331,"Sauce - Soya, Light",21.10.2023,4952,2410.58,Avis Troy
34-2671366,49-5511905,Ecolab Crystal Fusion,15.04.2023,6788,634.17,Amandie Riepl
38-0812431,94-0495231,Veal - Leg,,1503,780.65,Hew Hubble
44-8629296,33-8603668,White Baguette,15.02.2023,5530,1875.45,Joelynn Conyard
77-8401784,74-4421283,Higashimaru Usukuchi Soy,24.06.2023,3938,4245.81,Flem O'Fallowne
96-1589925,47-8506565,Cake Sheet Combo Party Pack,24.10.2023,9271,,Ripley Teissier
84-3439951,42-2984984,Glaze - Clear,,,1579.72,Derek Fleckness
81-2545596,05-2715531,Soup - Verve - Chipotle Chicken,16.02.2023,966,4452.69,Gustaf Meace
11-5350843,46-1555655,"Oil - Truffle, Black",11.05.2023,7651,,Adham Cheater
87-4385210,12-9001120,Wiberg Super Cure,17.02.2023,4780,,Hunfredo Garnall
30-7020293,56-4798534,Veal - Slab Bacon,25.05.2023,4316,569.83,Lizabeth Diggons
49-3627337,,"Turkey - Breast, Smoked",29.01.2023,6158,3615.89,Matty Trounce
75-5338931,,"Pepper - Paprika, Hungarian",11.04.2023,1325,1916.22,Delmer Duthie
67-6009775,89-4868154,Soup - French Can Pea,25.08.2023,736,2459.05,Candida Klazenga
52-5775511,91-7276070,Cod - Fillets,11.05.2023,4587,4042.71,Cleveland Smorthwaite
40-7816426,39-5041046,"Chicken - Thigh, Bone In",27.09.2023,4735,1177.83,Wildon Leyband
79-6520566,70-1260621,Muffins - Assorted,14.12.2022,9242,4411.11,Roderigo Franses
36-9128688,12-9516662,Pineapple - Regular,20.11.2022,2158,3630.52,Courtnay Belchamber
41-2993012,13-0579060,Ecolab - Hobart Upr Prewash Arm,07.07.2023,7329,2866.12,Annabela Shimmans
62-6537737,74-0664110,Muffin Mix - Banana Nut,15.08.2023,5125,153.52,Gill Ochterlony
07-3922146,,Carbonated Water - Peach,06.04.2023,8685,3908.39,Lora Easter
09-3339182,57-2395898,"Tea - Darjeeling, Azzura",11.04.2023,878,2470.6,Lindsay Alsop
49-3501744,48-0818806,Puree - Guava,24.08.2023,6013,843.47,Felisha Archbald
78-7426509,,Butter - Pod,06.11.2023,7723,,Eudora Cobby
09-7730077,51-5571040,Chinese Foods - Pepper Beef,01.12.2022,,1980.56,Tisha Tesh
14-3727000,64-5859672,Beer - Upper Canada Light,,6777,800.65,Ivy Pawson
10-0828171,55-7241960,Black Currants,10.05.2023,643,1908.3,Stu Eldon
53-4573140,87-4633646,Coriander - Seed,29.01.2023,9299,2083.18,Prudence Pavlasek
37-5771843,67-9842926,"Mushroom - Trumpet, Dry",08.09.2023,7558,4228.75,Sayres Cordey
33-6952170,43-0162979,Sage - Fresh,20.06.2023,2130,2161.51,Laure Lewton
20-8977284,86-6099501,Cattail Hearts,02.09.2023,,4340.38,Lyn O'Glessane
88-3401377,19-3472456,Myers Planters Punch,20.04.2023,5552,593.03,Zaccaria Cromack
05-9337530,08-3827087,Pepper - Scotch Bonnet,19.03.2023,936,,Constantino Punchard
29-9600457,96-9066565,Wine - Marlbourough Sauv Blanc,12.08.2023,121,2324.26,Griffith Kinghorn
06-5139368,93-4329691,Juice - Lime,17.05.2023,6556,,Esra Bunstone
30-5590363,83-7949334,Wasabi Powder,13.11.2023,5932,1500.84,Rebecka Tretwell
38-6351338,84-5573909,Butcher Twine 4r,20.11.2022,3350,528.38,Gerry Ludlam
92-4021101,75-1331366,Salmon - Canned,21.12.2022,2220,4408.02,Price Goodyear
33-1531463,92-7438229,Blue Curacao - Marie Brizard,05.04.2023,9117,2752.51,Anett Dwerryhouse
19-4955883,92-0536521,Beef - Top Butt Aaa,04.09.2023,,444.2,Kelci Ballham
92-5635097,56-9812272,Aspic - Clear,23.10.2023,9324,4106.53,Lee Chapier
55-9571951,62-5339343,Halibut - Fletches,17.09.2023,9803,669.15,Ignazio Idle
28-3088573,61-3554267,Apple - Macintosh,14.05.2023,9895,4358.41,Sharity Asmus
71-9659412,31-6643779,Puree - Guava,31.05.2023,9785,1082.95,Meredithe Harrad
24-3101371,55-5675916,Cream - 35%,25.11.2022,86,2457.1,Stillman Ellick
87-2219761,63-7333592,Pepper - Green,04.12.2022,1446,2552.95,Lizette Wederell
79-6964434,12-8016036,"Carrots - Purple, Organic",25.10.2023,6414,2204.28,Donaugh Bentley
73-4896562,75-7416841,Juice - Happy Planet,23.11.2022,8680,3881.36,Happy Merwood
06-0845859,55-7729727,Cocktail Napkin Blue,19.07.2023,3018,509.46,Leonidas Choak
40-0038090,21-8760387,Wood Chips - Regular,16.03.2023,7857,1663.87,Annecorinne Bapty
98-7165057,55-3501800,Onions - Spanish,20.01.2023,374,,Roxanne Dyson
19-9868393,45-3553428,Pastry - Butterscotch Baked,05.01.2023,5660,873.47,Rinaldo Clausson
83-3220096,15-8849454,Lettuce - Escarole,03.04.2023,8626,2372.89,Vilma Compston
35-2546727,35-9927198,Sea Bass - Whole,29.12.2022,7248,1146.13,Obediah Liversage
59-3950606,63-8144371,Ice Cream - Fudge Bars,,6622,2418.74,Piper Yakob
74-3398645,,Wine - Pinot Noir Stoneleigh,17.04.2023,4114,1522.31,Christean Aldersey
60-5702206,00-8955828,"Napkin - Beverge, White 2 - Ply",09.12.2022,5661,2813.91,Linette Duly
92-6237007,02-0272133,Slt - Individual Portions,05.10.2023,4482,2120.78,Gerrard Tydd
65-6641102,29-9219465,Lambcasing,10.11.2023,,,Abbe Disbrey
83-4004434,41-9475481,Compound - Passion Fruit,19.04.2023,,,Isa Lant
61-7039032,,Silicone Paper 16.5x24,24.11.2022,3256,2172.82,Anneliese Gowdie
21-9733711,60-1894048,Arizona - Plum Green Tea,08.02.2023,6420,638.9,Gabbey Ruilton
33-3877167,31-4752244,"Napkin - Beverge, White 2 - Ply",14.10.2023,,437.1,Isac Morit
48-3773504,77-1972645,"Mop Head - Cotton, 24 Oz",30.07.2023,621,2820.89,Becky Menendes
21-1446078,78-5692689,Soup - Campbells Chicken,14.12.2022,4307,1779.34,Kristos Thacke
27-2144066,23-6399971,Compound - Strawberry,26.03.2023,7610,4280.58,Aryn Davie
27-4511765,80-5695760,"Noodles - Cellophane, Thin",,2814,1256.56,Julietta Buyers
45-6626210,39-7269414,Wine - Magnotta - Cab Sauv,13.03.2023,3600,2277.85,Barty Wand
72-0262572,43-4056891,Goldschalger,09.11.2023,2224,,Gertrudis Skrines
03-4395372,43-5910696,"Beans - Fava, Canned",04.02.2023,559,4468.09,Marris Rothera
72-2954959,34-3808305,Beef - Striploin,27.05.2023,5442,1163.21,Cristina Greathead
82-9621054,53-5347219,Containter - 3oz Microwave Rect.,13.02.2023,9055,4301.22,Mae Oxlee
11-5564849,,V8 Splash Strawberry Kiwi,11.07.2023,,1389.98,Olwen Daws
69-9497860,60-1000432,Beef - Kobe Striploin,11.08.2023,5415,2822.31,Corette Pressdee
04-0837588,52-6037342,Veal - Osso Bucco,05.02.2023,,160.97,Udall Windsor
46-1157745,15-4015045,Vector Energy Bar,03.02.2023,1815,2821.81,Courtenay Yalden
85-7805087,46-4201824,Lady Fingers,28.11.2022,3671,4034.42,Tamarra Wilks
59-1185585,,Oysters - Smoked,08.03.2023,406,1201.64,Park Killiner
48-0186542,99-8744602,Water - Tonic,29.04.2023,1970,2147.33,Marketa Maffy
75-9927939,40-8196289,Rice - Basmati,29.04.2023,7235,713.01,Wilbur Fishpoole
80-2135176,83-6623465,Pork Loin Cutlets,19.08.2023,9177,1835.98,Arnoldo Hattigan
17-5216667,84-5166061,Buttons,27.07.2023,8983,,Kay Mattosoff
43-4321497,64-7044928,Mushroom - Morel Frozen,23.11.2022,1619,1535.46,Justinn Scroyton
13-1314247,57-2600092,"Yogurt - Peach, 175 Gr",13.02.2023,3594,2768.98,Lurleen Verrall
82-9119153,72-4241686,Ecolab Crystal Fusion,22.10.2023,6472,1960.06,Don Abberley
39-9332634,11-0825981,Pop - Club Soda Can,02.05.2023,3961,3145.23,Genni Persian
44-7203676,90-0824753,Cinnamon Buns Sticky,,3473,2744.4,Rose Burtonwood
75-1150384,69-8539974,Bread - Mini Hamburger Bun,26.04.2023,2226,3486.25,Charity McCarrison
71-4298001,55-8071443,Bread - Onion Focaccia,28.02.2023,4545,53.12,Prudi Lorman
43-0474658,98-6324821,Tart - Pecan Butter Squares,06.09.2023,,604.34,Glori Chimes
50-1626573,,Rice - Long Grain,02.05.2023,9970,3318.84,Celinda Lockhart
88-8135964,17-9461012,Mushroom - Crimini,01.07.2023,,1594.01,Roshelle Widdowes
88-3114549,19-3860523,Foil - Round Foil,12.09.2023,81,2887.52,Maud Harcarse
43-7099027,36-0923368,Sauce - Mint,16.01.2023,7804,4008.53,Alessandra Farnill
00-8254353,34-8540914,Chivas Regal - 12 Year Old,05.03.2023,,1114.83,Beaufort Cusiter
93-5885871,07-3399157,Lemon Grass,11.03.2023,9226,3452.85,Alys Prium
31-1340840,,"Cheese - Havarti, Roasted Garlic",16.02.2023,,1597.3,Yance Feak
